price_datetime;price;price_promo;sku_status;sku_barcode;sku_article;sku_name;sku_category;sku_country;sku_weight_min;sku_volume_min;sku_quantity_min;sku_link;sku_images
22.25.41 2023-01-17;305;275;1;8005852751058;15131;Schesir Kitten Тунец Пауч;Главная|Каталог|Товары и корма для кошек|Корм влажный для кошек|Schesir|Паучи;Таиланд;100г;;;https://zootovary.ru/catalog/tovary-i-korma-dlya-koshek/korm_vlazhnyy_dlya_koshek/schesir/pauchi/schesir_kitten_tunets_pauch.html;['/upload/resize_cache/iblock/88c/500_500_1dfc9401eed6705ea741f22b962e86776/Schesir-Kitten-Tunets-Pauch-kupit-Zootovary.Ru.jpg', '/upload/resize_cache/iblock/88c/500_500_1dfc9401eed6705ea741f22b962e86776/Schesir-Kitten-Tunets-Pauch-kupit-Zootovary.Ru.jpg']
22.25.41 2023-01-17;404;384;1;4011905062853;22644;TRIXIE 6285 Когтерез д/мелких животных 8см (блистер);Главная|Каталог|Товары и корма для грызунов|Когтерез;Китай;;;1шт;https://zootovary.ru/catalog/tovary-i-korma-dlya-gryzunov/kogterez/trixie_6285_kogterez_d_melkikh_zhivotnykh_8sm_blister.html;['/upload/resize_cache/iblock/2d4/450_450_1dfc9401eed6705ea741f22b962e86776/melkikh-zhivotnykh-8sm-_blister_-kupit-Zootovary.Ru.jpg', '/upload/resize_cache/iblock/2d4/450_450_1dfc9401eed6705ea741f22b962e86776/melkikh-zhivotnykh-8sm-_blister_-kupit-Zootovary.Ru.jpg']
22.25.42 2023-01-17;457;434;1;7613036544771;78437;PRO PLAN Delikate 7 + с комплексом OPTIRENAL сухой корм для кошек старше 7 лет с чувствительным пищеварением Индейка;Главная|Каталог|Товары и корма для кошек|Корм сухой для кошек|Pro Plan|Пожилые;Франция;400гр;;;https://zootovary.ru/catalog/tovary-i-korma-dlya-koshek/korm_sukhoy_dlya_koshek/pro-plan/pozhilye/pro_plan_delikate_7_s_kompleksom_optirenal_sukhoy_korm_dlya_koshek_starshe_7_let_s_chuvstvitelnym_pi.html;['/upload/resize_cache/iblock/372/480_480_1dfc9401eed6705ea741f22b962e86776/PRO-PLAN-Delikate-7-_-s-kompleksom-OPTIRENAL-sukhoy-korm-dlya-koshek-starshe-7-let-s-chuvstvitelnym-pishchevareniem-Indeyka-kupit-Zootovary.Ru.png', '/upload/resize_cache/iblock/372/480_480_1dfc9401eed6705ea741f22b962e86776/PRO-PLAN-Delikate-7-_-s-kompleksom-OPTIRENAL-sukhoy-korm-dlya-koshek-starshe-7-let-s-chuvstvitelnym-pishchevareniem-Indeyka-kupit-Zootovary.Ru.png', '/upload/resize_cache/iblock/119/480_480_1dfc9401eed6705ea741f22b962e86776/PRO-PLAN-Delikate-7-_-s-kompleksom-OPTIRENAL-sukhoy-korm-dlya-koshek-starshe-7-let-s-chuvstvitelnym-pishchevareniem-Indeyka-kupit-Zootovary.Ru.jpg', '/upload/resize_cache/iblock/dd3/480_480_1dfc9401eed6705ea741f22b962e86776/PRO-PLAN-Delikate-7-_-s-kompleksom-OPTIRENAL-sukhoy-korm-dlya-koshek-starshe-7-let-s-chuvstvitelnym-pishchevareniem-Indeyka-kupit-Zootovary.Ru.jpg']
22.25.42 2023-01-17;1588;1509;1;7613036517188;74027;PRO PLAN Delikate 7 + с комплексом OPTIRENAL сухой корм для кошек старше 7 лет с чувствительным пищеварением Индейка;Главная|Каталог|Товары и корма для кошек|Корм сухой для кошек|Pro Plan|Пожилые;Франция;1,5 кг;;;https://zootovary.ru/catalog/tovary-i-korma-dlya-koshek/korm_sukhoy_dlya_koshek/pro-plan/pozhilye/pro_plan_delikate_7_s_kompleksom_optirenal_sukhoy_korm_dlya_koshek_starshe_7_let_s_chuvstvitelnym_pi.html;['/upload/resize_cache/iblock/372/480_480_1dfc9401eed6705ea741f22b962e86776/PRO-PLAN-Delikate-7-_-s-kompleksom-OPTIRENAL-sukhoy-korm-dlya-koshek-starshe-7-let-s-chuvstvitelnym-pishchevareniem-Indeyka-kupit-Zootovary.Ru.png', '/upload/resize_cache/iblock/372/480_480_1dfc9401eed6705ea741f22b962e86776/PRO-PLAN-Delikate-7-_-s-kompleksom-OPTIRENAL-sukhoy-korm-dlya-koshek-starshe-7-let-s-chuvstvitelnym-pishchevareniem-Indeyka-kupit-Zootovary.Ru.png', '/upload/resize_cache/iblock/119/480_480_1dfc9401eed6705ea741f22b962e86776/PRO-PLAN-Delikate-7-_-s-kompleksom-OPTIRENAL-sukhoy-korm-dlya-koshek-starshe-7-let-s-chuvstvitelnym-pishchevareniem-Indeyka-kupit-Zootovary.Ru.jpg', '/upload/resize_cache/iblock/dd3/480_480_1dfc9401eed6705ea741f22b962e86776/PRO-PLAN-Delikate-7-_-s-kompleksom-OPTIRENAL-sukhoy-korm-dlya-koshek-starshe-7-let-s-chuvstvitelnym-pishchevareniem-Indeyka-kupit-Zootovary.Ru.jpg']
22.25.42 2023-01-17;2987;2838;1;7613036517218;72593;PRO PLAN Delikate 7 + с комплексом OPTIRENAL сухой корм для кошек старше 7 лет с чувствительным пищеварением Индейка;Главная|Каталог|Товары и корма для кошек|Корм сухой для кошек|Pro Plan|Пожилые;Франция;3 кг;;;https://zootovary.ru/catalog/tovary-i-korma-dlya-koshek/korm_sukhoy_dlya_koshek/pro-plan/pozhilye/pro_plan_delikate_7_s_kompleksom_optirenal_sukhoy_korm_dlya_koshek_starshe_7_let_s_chuvstvitelnym_pi.html;['/upload/resize_cache/iblock/372/480_480_1dfc9401eed6705ea741f22b962e86776/PRO-PLAN-Delikate-7-_-s-kompleksom-OPTIRENAL-sukhoy-korm-dlya-koshek-starshe-7-let-s-chuvstvitelnym-pishchevareniem-Indeyka-kupit-Zootovary.Ru.png', '/upload/resize_cache/iblock/372/480_480_1dfc9401eed6705ea741f22b962e86776/PRO-PLAN-Delikate-7-_-s-kompleksom-OPTIRENAL-sukhoy-korm-dlya-koshek-starshe-7-let-s-chuvstvitelnym-pishchevareniem-Indeyka-kupit-Zootovary.Ru.png', '/upload/resize_cache/iblock/119/480_480_1dfc9401eed6705ea741f22b962e86776/PRO-PLAN-Delikate-7-_-s-kompleksom-OPTIRENAL-sukhoy-korm-dlya-koshek-starshe-7-let-s-chuvstvitelnym-pishchevareniem-Indeyka-kupit-Zootovary.Ru.jpg', '/upload/resize_cache/iblock/dd3/480_480_1dfc9401eed6705ea741f22b962e86776/PRO-PLAN-Delikate-7-_-s-kompleksom-OPTIRENAL-sukhoy-korm-dlya-koshek-starshe-7-let-s-chuvstvitelnym-pishchevareniem-Indeyka-kupit-Zootovary.Ru.jpg']
22.25.43 2023-01-17;1420;;1;4607177767857;20040;Polidex Гелабон Плюс 200 Таб.Для Кошек - Профилактика Заболеваний Хрящевых Поверхностей, Предотвращение Хрупкости Костей 7857;Главная|Каталог|Товары и корма для кошек|Витамины|Polidex;Poccия;40г;;;https://zootovary.ru/catalog/tovary-i-korma-dlya-koshek/vitaminy/polidex/polidex_gelabon_plyus_200_tab_dlya_koshek_profilaktika_zabolevaniy_khryashchevykh_poverkhnostey_pred.html;['/upload/resize_cache/iblock/a9c/450_450_1dfc9401eed6705ea741f22b962e86776/Polidex-Gelabon-Plyus-200-Tab.Dlya-Koshek-_-Profilaktika-Zabolevaniy-KHryashchevykh-Poverkhnostey_-Predotvrashchenie-KHrupkosti-Kostey-7857-kupit-Zootovary.Ru.jpg', '/upload/resize_cache/iblock/a9c/450_450_1dfc9401eed6705ea741f22b962e86776/Polidex-Gelabon-Plyus-200-Tab.Dlya-Koshek-_-Profilaktika-Zabolevaniy-KHryashchevykh-Poverkhnostey_-Predotvrashchenie-KHrupkosti-Kostey-7857-kupit-Zootovary.Ru.jpg']
22.25.43 2023-01-17;1510;;1;4607048071724up;68897up;НАТУРАЛЬНАЯ ФОРМУЛА Рубец говяжий в желе для собак;Главная|Каталог|Товары и корма для собак|Корм влажный для собак|Натуральная Формула;Poccия;10х300г;;;https://zootovary.ru/catalog/tovary-i-korma-dlya-sobak/korm_vlazhnyy_dlya_sobak/naturalnaya-formula/naturalnaya_formula_rubets_govyazhiy_v_zhele_dlya_sobak.html;['/upload/resize_cache/iblock/f84/500_500_1dfc9401eed6705ea741f22b962e86776/NATURALNAYA-FORMULA-Rubets-govyazhiy-v-zhele-dlya-sobak-kupit-Zootovary.Ru.jpg', '/upload/resize_cache/iblock/f84/500_500_1dfc9401eed6705ea741f22b962e86776/NATURALNAYA-FORMULA-Rubets-govyazhiy-v-zhele-dlya-sobak-kupit-Zootovary.Ru.jpg']
22.25.43 2023-01-17;631;599;1;4011100158405;z10010;Chappi Говядина По Домашнему;Главная|Каталог|Товары и корма для собак|Корм сухой для собак|Chappi;Poccия;2.5кг;;;https://zootovary.ru/catalog/tovary-i-korma-dlya-sobak/korm_sukhoy_dlya_sobak/chappi/chappi_govyadina_po_domashnemu.html;['/upload/resize_cache/iblock/75f/450_450_1dfc9401eed6705ea741f22b962e86776/Chappi-Govyadina-Po-Domashnemu-kupit-Zootovary.Ru.jpg', '/upload/resize_cache/iblock/75f/450_450_1dfc9401eed6705ea741f22b962e86776/Chappi-Govyadina-Po-Domashnemu-kupit-Zootovary.Ru.jpg', '/upload/resize_cache/iblock/2a6/450_450_1dfc9401eed6705ea741f22b962e86776/Chappi-Govyadina-Po-Domashnemu-kupit-Zootovary.Ru.jpg', '/upload/resize_cache/iblock/0ab/450_450_1dfc9401eed6705ea741f22b962e86776/Chappi-Govyadina-Po-Domashnemu-kupit-Zootovary.Ru.jpg']
22.25.43 2023-01-17;163;155;1;5000159425476;z10007;Chappi Говядина По Домашнему;Главная|Каталог|Товары и корма для собак|Корм сухой для собак|Chappi;Poccия;600г;;;https://zootovary.ru/catalog/tovary-i-korma-dlya-sobak/korm_sukhoy_dlya_sobak/chappi/chappi_govyadina_po_domashnemu.html;['/upload/resize_cache/iblock/75f/450_450_1dfc9401eed6705ea741f22b962e86776/Chappi-Govyadina-Po-Domashnemu-kupit-Zootovary.Ru.jpg', '/upload/resize_cache/iblock/75f/450_450_1dfc9401eed6705ea741f22b962e86776/Chappi-Govyadina-Po-Domashnemu-kupit-Zootovary.Ru.jpg', '/upload/resize_cache/iblock/2a6/450_450_1dfc9401eed6705ea741f22b962e86776/Chappi-Govyadina-Po-Domashnemu-kupit-Zootovary.Ru.jpg', '/upload/resize_cache/iblock/0ab/450_450_1dfc9401eed6705ea741f22b962e86776/Chappi-Govyadina-Po-Domashnemu-kupit-Zootovary.Ru.jpg']
22.25.43 2023-01-17;3290;3126;1;5000159380829;z10016;Chappi Говядина По Домашнему;Главная|Каталог|Товары и корма для собак|Корм сухой для собак|Chappi;Poccия;15кг;;;https://zootovary.ru/catalog/tovary-i-korma-dlya-sobak/korm_sukhoy_dlya_sobak/chappi/chappi_govyadina_po_domashnemu.html;['/upload/resize_cache/iblock/75f/450_450_1dfc9401eed6705ea741f22b962e86776/Chappi-Govyadina-Po-Domashnemu-kupit-Zootovary.Ru.jpg', '/upload/resize_cache/iblock/75f/450_450_1dfc9401eed6705ea741f22b962e86776/Chappi-Govyadina-Po-Domashnemu-kupit-Zootovary.Ru.jpg', '/upload/resize_cache/iblock/2a6/450_450_1dfc9401eed6705ea741f22b962e86776/Chappi-Govyadina-Po-Domashnemu-kupit-Zootovary.Ru.jpg', '/upload/resize_cache/iblock/0ab/450_450_1dfc9401eed6705ea741f22b962e86776/Chappi-Govyadina-Po-Domashnemu-kupit-Zootovary.Ru.jpg']
22.25.43 2023-01-17;281;267;0;8005852015792;56085;Schesir Консервы для Кошек Куриное Филе с Ветчиной Пауч;Главная|Каталог|Товары и корма для кошек|Корм влажный для кошек|Schesir|Паучи;Таиланд;100г;;;https://zootovary.ru/catalog/tovary-i-korma-dlya-koshek/korm_vlazhnyy_dlya_koshek/schesir/pauchi/schesir_konservy_dlya_koshek_kurinoe_file_s_vetchinoy_pauch.html;['/upload/resize_cache/iblock/d31/450_450_1dfc9401eed6705ea741f22b962e86776/Schesir-Konservy-dlya-Koshek-Kurinoe-File-s-Vetchinoy-Pauch-kupit-Zootovary.Ru.jpg', '/upload/resize_cache/iblock/d31/450_450_1dfc9401eed6705ea741f22b962e86776/Schesir-Konservy-dlya-Koshek-Kurinoe-File-s-Vetchinoy-Pauch-kupit-Zootovary.Ru.jpg']
22.25.44 2023-01-17;1080;;1;4607004705274up;z40337up;ПРОХВОСТ консервы для собак Говядина в соусе;Главная|Каталог|Товары и корма для собак|Корм влажный для собак|Прохвост;Poccия;12х415г;;;https://zootovary.ru/catalog/tovary-i-korma-dlya-sobak/korm_vlazhnyy_dlya_sobak/prokhvost_2/prokhvost_konservy_dlya_sobak_govyadina_v_souse.html;['/upload/resize_cache/iblock/a23/500_500_1dfc9401eed6705ea741f22b962e86776/PROKHVOST-konservy-dlya-sobak-Govyadina-v-souse-kupit-Zootovary.Ru.jpg', '/upload/resize_cache/iblock/a23/500_500_1dfc9401eed6705ea741f22b962e86776/PROKHVOST-konservy-dlya-sobak-Govyadina-v-souse-kupit-Zootovary.Ru.jpg', '/upload/resize_cache/iblock/7bf/500_500_1dfc9401eed6705ea741f22b962e86776/PROKHVOST-konservy-dlya-sobak-Govyadina-v-souse-kupit-Zootovary.Ru.jpg', '/upload/resize_cache/iblock/f55/500_500_1dfc9401eed6705ea741f22b962e86776/PROKHVOST-konservy-dlya-sobak-Govyadina-v-souse-kupit-Zootovary.Ru.jpg']
22.25.44 2023-01-17;86;82;1;4607004705274;z40337;ПРОХВОСТ консервы для собак Говядина в соусе;Главная|Каталог|Товары и корма для собак|Корм влажный для собак|Прохвост;Poccия;415г;;;https://zootovary.ru/catalog/tovary-i-korma-dlya-sobak/korm_vlazhnyy_dlya_sobak/prokhvost_2/prokhvost_konservy_dlya_sobak_govyadina_v_souse.html;['/upload/resize_cache/iblock/a23/500_500_1dfc9401eed6705ea741f22b962e86776/PROKHVOST-konservy-dlya-sobak-Govyadina-v-souse-kupit-Zootovary.Ru.jpg', '/upload/resize_cache/iblock/a23/500_500_1dfc9401eed6705ea741f22b962e86776/PROKHVOST-konservy-dlya-sobak-Govyadina-v-souse-kupit-Zootovary.Ru.jpg', '/upload/resize_cache/iblock/7bf/500_500_1dfc9401eed6705ea741f22b962e86776/PROKHVOST-konservy-dlya-sobak-Govyadina-v-souse-kupit-Zootovary.Ru.jpg', '/upload/resize_cache/iblock/f55/500_500_1dfc9401eed6705ea741f22b962e86776/PROKHVOST-konservy-dlya-sobak-Govyadina-v-souse-kupit-Zootovary.Ru.jpg']
22.25.44 2023-01-17;525;499;1;4640011981583up;z40336up;ПРОХВОСТ консервы для собак Говядина в соусе;Главная|Каталог|Товары и корма для собак|Корм влажный для собак|Прохвост;Poccия;25х85г;;;https://zootovary.ru/catalog/tovary-i-korma-dlya-sobak/korm_vlazhnyy_dlya_sobak/prokhvost_2/prokhvost_konservy_dlya_sobak_govyadina_v_souse.html;['/upload/resize_cache/iblock/a23/500_500_1dfc9401eed6705ea741f22b962e86776/PROKHVOST-konservy-dlya-sobak-Govyadina-v-souse-kupit-Zootovary.Ru.jpg', '/upload/resize_cache/iblock/a23/500_500_1dfc9401eed6705ea741f22b962e86776/PROKHVOST-konservy-dlya-sobak-Govyadina-v-souse-kupit-Zootovary.Ru.jpg', '/upload/resize_cache/iblock/7bf/500_500_1dfc9401eed6705ea741f22b962e86776/PROKHVOST-konservy-dlya-sobak-Govyadina-v-souse-kupit-Zootovary.Ru.jpg', '/upload/resize_cache/iblock/f55/500_500_1dfc9401eed6705ea741f22b962e86776/PROKHVOST-konservy-dlya-sobak-Govyadina-v-souse-kupit-Zootovary.Ru.jpg']
22.25.45 2023-01-17;347;330;1;4690538003183;z42443;ТитБит Лапки кроличьи XL - мягкая упаковка70гр;Главная|Каталог|Товары и корма для собак|Лакомства|TiTBiT|Кролик;Россия;;;шт;https://zootovary.ru/catalog/tovary-i-korma-dlya-sobak/lakomstva/titbit/krolik/titbit_lapki_krolichi_xl_myagkaya_upakovka70gr.html;['/upload/resize_cache/iblock/cf6/500_500_1dfc9401eed6705ea741f22b962e86776/TitBit-Lapki-krolichi-XL-_-myagkaya-upakovka70gr-kupit-Zootovary.Ru.jpg', '/upload/resize_cache/iblock/cf6/500_500_1dfc9401eed6705ea741f22b962e86776/TitBit-Lapki-krolichi-XL-_-myagkaya-upakovka70gr-kupit-Zootovary.Ru.jpg']
22.25.46 2023-01-17;1540;;1;4607048072127up;68088up;НАТУРАЛЬНАЯ ФОРМУЛА Сердце индейки в желе для собак;Главная|Каталог|Товары и корма для собак|Корм влажный для собак|Натуральная Формула;Poccия;10х300г;;;https://zootovary.ru/catalog/tovary-i-korma-dlya-sobak/korm_vlazhnyy_dlya_sobak/naturalnaya-formula/naturalnaya_formula_serdtse_indeyki_v_zhele_dlya_sobak.html;['/upload/resize_cache/iblock/5fa/500_500_1dfc9401eed6705ea741f22b962e86776/NATURALNAYA-FORMULA-Serdtse-indeyki-v-zhele-dlya-sobak-kupit-Zootovary.Ru.jpg', '/upload/resize_cache/iblock/5fa/500_500_1dfc9401eed6705ea741f22b962e86776/NATURALNAYA-FORMULA-Serdtse-indeyki-v-zhele-dlya-sobak-kupit-Zootovary.Ru.jpg']
22.25.46 2023-01-17;3823;3632;1;4640011982122;z71427;ProBalance Gourmet Diet Корм для кошек с говядиной и кроликом;Главная|Каталог|Товары и корма для кошек|Корм сухой для кошек|ProBalance;Poccия;10кг;;;https://zootovary.ru/catalog/tovary-i-korma-dlya-koshek/korm_sukhoy_dlya_koshek/probalance/probalance_gourmet_diet_korm_dlya_koshek_s_govyadinoy_i_krolikom.html;['/upload/resize_cache/iblock/81e/500_500_1dfc9401eed6705ea741f22b962e86776/ProBalance-Gourmet-Diet-Korm-dlya-koshek-s-govyadinoy-i-krolikom-kupit-Zootovary.Ru.jpg', '/upload/resize_cache/iblock/81e/500_500_1dfc9401eed6705ea741f22b962e86776/ProBalance-Gourmet-Diet-Korm-dlya-koshek-s-govyadinoy-i-krolikom-kupit-Zootovary.Ru.jpg']
22.25.46 2023-01-17;2047;1945;1;7613038389189;78428;PRO PLAN LiveClear сухой корм для стерилизованных кошек старше 7 лет Индейка;Главная|Каталог|Товары и корма для кошек|Корм сухой для кошек|Pro Plan|Пожилые;Франция;1,4кг;;;https://zootovary.ru/catalog/tovary-i-korma-dlya-koshek/korm_sukhoy_dlya_koshek/pro-plan/pozhilye/pro_plan_liveclear_sukhoy_korm_dlya_sterilizovannykh_koshek_starshe_7_let_indeyka.html;['/upload/resize_cache/iblock/7b3/500_500_1dfc9401eed6705ea741f22b962e86776/PRO-PLAN-LiveClear-sukhoy-korm-dlya-sterilizovannykh-koshek-starshe-7-let-Indeyka-kupit-Zootovary.Ru.jpg', '/upload/resize_cache/iblock/7b3/500_500_1dfc9401eed6705ea741f22b962e86776/PRO-PLAN-LiveClear-sukhoy-korm-dlya-sterilizovannykh-koshek-starshe-7-let-Indeyka-kupit-Zootovary.Ru.jpg']
22.25.47 2023-01-17;51;48;1;4690538009284;z55363;ТитБит Мюсли Fruit с кроликом и бананом40гр;Главная|Каталог|Товары и корма для собак|Лакомства|TiTBiT|Кролик;Россия;;;шт;https://zootovary.ru/catalog/tovary-i-korma-dlya-sobak/lakomstva/titbit/krolik/titbit_myusli_fruit_s_krolikom_i_bananom40gr.html;['/upload/resize_cache/iblock/bcd/500_500_1dfc9401eed6705ea741f22b962e86776/TitBit-Myusli-Fruit-s-krolikom-i-bananom40gr-kupit-Zootovary.Ru.jpg', '/upload/resize_cache/iblock/bcd/500_500_1dfc9401eed6705ea741f22b962e86776/TitBit-Myusli-Fruit-s-krolikom-i-bananom40gr-kupit-Zootovary.Ru.jpg']
22.25.47 2023-01-17;195;185;1;4607092073187;45766;Stop-Спрей Приучение К Лотку для Собак и Кошек 120 Мл Спрей /34/ S304;Главная|Каталог|Товары и корма для кошек|Средства по уходу|Корректоры поведения;Poccия;100г;;;https://zootovary.ru/catalog/tovary-i-korma-dlya-koshek/sredstva-po-ukhodu/korrektory-povedeniya/stop_sprey_priuchenie_k_lotku_dlya_sobak_i_koshek_120_ml_sprey_34_s304.html;['/upload/resize_cache/iblock/9e6/450_450_1dfc9401eed6705ea741f22b962e86776/S304-kupit-Zootovary.Ru.jpg', '/upload/resize_cache/iblock/9e6/450_450_1dfc9401eed6705ea741f22b962e86776/S304-kupit-Zootovary.Ru.jpg']
22.25.48 2023-01-17;818;777;1;4607177767833;20041;Polidex Мультивитум Плюс 200 Таб.Для Кошек - Сбалансированная Витамино-Минеральная Подкормка, Применяется для Профилактики Авитаминозов 7833;Главная|Каталог|Товары и корма для кошек|Витамины|Polidex;Poccия;40г;;;https://zootovary.ru/catalog/tovary-i-korma-dlya-koshek/vitaminy/polidex/polidex_multivitum_plyus_200_tab_dlya_koshek_sbalansirovannaya_vitamino_mineralnaya_podkormka_primen.html;['/upload/resize_cache/iblock/600/450_450_1dfc9401eed6705ea741f22b962e86776/Polidex-Multivitum-Plyus-200-Tab.Dlya-Koshek-_-Sbalansirovannaya-Vitamino_Mineralnaya-Podkormka_-Primenyaetsya-dlya-Profilaktiki-Avitaminozov-7833-kupit-Zootovary.Ru.jpg', '/upload/resize_cache/iblock/600/450_450_1dfc9401eed6705ea741f22b962e86776/Polidex-Multivitum-Plyus-200-Tab.Dlya-Koshek-_-Sbalansirovannaya-Vitamino_Mineralnaya-Podkormka_-Primenyaetsya-dlya-Profilaktiki-Avitaminozov-7833-kupit-Zootovary.Ru.jpg']
22.25.48 2023-01-17;312;296;0;8005852015778;56084;Schesir Консервы для Кошек Тунец и Курица с Ветчиной Пауч;Главная|Каталог|Товары и корма для кошек|Корм влажный для кошек|Schesir|Паучи;Таиланд;100г;;;https://zootovary.ru/catalog/tovary-i-korma-dlya-koshek/korm_vlazhnyy_dlya_koshek/schesir/pauchi/schesir_konservy_dlya_koshek_tunets_i_kuritsa_s_vetchinoy_pauch.html;['/upload/resize_cache/iblock/c83/450_450_1dfc9401eed6705ea741f22b962e86776/Schesir-Konservy-dlya-Koshek-Tunets-i-Kuritsa-s-Vetchinoy-Pauch-kupit-Zootovary.Ru.jpg', '/upload/resize_cache/iblock/c83/450_450_1dfc9401eed6705ea741f22b962e86776/Schesir-Konservy-dlya-Koshek-Tunets-i-Kuritsa-s-Vetchinoy-Pauch-kupit-Zootovary.Ru.jpg']
22.25.48 2023-01-17;1611;;0;4607125694518up;z50553up;Оскар консервы для собак с Бараниной;Главная|Каталог|Товары и корма для собак|Корм влажный для собак|Оскар;Россия;9х750гр;;;https://zootovary.ru/catalog/tovary-i-korma-dlya-sobak/korm_vlazhnyy_dlya_sobak/oskar/oskar_konservy_dlya_sobak_s_baraninoy.html;['/upload/resize_cache/iblock/7ac/500_500_1dfc9401eed6705ea741f22b962e86776/Oskar-konservy-dlya-sobak-s-Baraninoy-kupit-Zootovary.Ru.jpg', '/upload/resize_cache/iblock/7ac/500_500_1dfc9401eed6705ea741f22b962e86776/Oskar-konservy-dlya-sobak-s-Baraninoy-kupit-Zootovary.Ru.jpg', '/upload/resize_cache/iblock/033/500_500_1dfc9401eed6705ea741f22b962e86776/Oskar-konservy-dlya-sobak-s-Baraninoy-kupit-Zootovary.Ru.jpg']
22.25.48 2023-01-17;172;163;1;4607125694518;z50553;Оскар консервы для собак с Бараниной;Главная|Каталог|Товары и корма для собак|Корм влажный для собак|Оскар;Россия;750гр;;;https://zootovary.ru/catalog/tovary-i-korma-dlya-sobak/korm_vlazhnyy_dlya_sobak/oskar/oskar_konservy_dlya_sobak_s_baraninoy.html;['/upload/resize_cache/iblock/7ac/500_500_1dfc9401eed6705ea741f22b962e86776/Oskar-konservy-dlya-sobak-s-Baraninoy-kupit-Zootovary.Ru.jpg', '/upload/resize_cache/iblock/7ac/500_500_1dfc9401eed6705ea741f22b962e86776/Oskar-konservy-dlya-sobak-s-Baraninoy-kupit-Zootovary.Ru.jpg', '/upload/resize_cache/iblock/033/500_500_1dfc9401eed6705ea741f22b962e86776/Oskar-konservy-dlya-sobak-s-Baraninoy-kupit-Zootovary.Ru.jpg']
22.25.48 2023-01-17;631;599;1;4011100158399;z10011;Chappi Сытный Мясной Обед Мясное Изобилие;Главная|Каталог|Товары и корма для собак|Корм сухой для собак|Chappi;Poccия;2.5кг;;;https://zootovary.ru/catalog/tovary-i-korma-dlya-sobak/korm_sukhoy_dlya_sobak/chappi/chappi_sytnyy_myasnoy_obed_myasnoe_izobilie.html;['/upload/resize_cache/iblock/bca/450_450_1dfc9401eed6705ea741f22b962e86776/Chappi-Sytnyy-Myasnoy-Obed-Myasnoe-Izobilie-kupit-Zootovary.Ru.jpg', '/upload/resize_cache/iblock/bca/450_450_1dfc9401eed6705ea741f22b962e86776/Chappi-Sytnyy-Myasnoy-Obed-Myasnoe-Izobilie-kupit-Zootovary.Ru.jpg', '/upload/resize_cache/iblock/5c1/450_450_1dfc9401eed6705ea741f22b962e86776/Chappi-Sytnyy-Myasnoy-Obed-Myasnoe-Izobilie-kupit-Zootovary.Ru.jpg', '/upload/resize_cache/iblock/438/450_450_1dfc9401eed6705ea741f22b962e86776/Chappi-Sytnyy-Myasnoy-Obed-Myasnoe-Izobilie-kupit-Zootovary.Ru.jpg']
22.25.48 2023-01-17;163;155;1;5000159425513;z10006;Chappi Сытный Мясной Обед Мясное Изобилие;Главная|Каталог|Товары и корма для собак|Корм сухой для собак|Chappi;Poccия;600г;;;https://zootovary.ru/catalog/tovary-i-korma-dlya-sobak/korm_sukhoy_dlya_sobak/chappi/chappi_sytnyy_myasnoy_obed_myasnoe_izobilie.html;['/upload/resize_cache/iblock/bca/450_450_1dfc9401eed6705ea741f22b962e86776/Chappi-Sytnyy-Myasnoy-Obed-Myasnoe-Izobilie-kupit-Zootovary.Ru.jpg', '/upload/resize_cache/iblock/bca/450_450_1dfc9401eed6705ea741f22b962e86776/Chappi-Sytnyy-Myasnoy-Obed-Myasnoe-Izobilie-kupit-Zootovary.Ru.jpg', '/upload/resize_cache/iblock/5c1/450_450_1dfc9401eed6705ea741f22b962e86776/Chappi-Sytnyy-Myasnoy-Obed-Myasnoe-Izobilie-kupit-Zootovary.Ru.jpg', '/upload/resize_cache/iblock/438/450_450_1dfc9401eed6705ea741f22b962e86776/Chappi-Sytnyy-Myasnoy-Obed-Myasnoe-Izobilie-kupit-Zootovary.Ru.jpg']
22.25.48 2023-01-17;3290;3126;1;5000159380850;z10017;Chappi Сытный Мясной Обед Мясное Изобилие;Главная|Каталог|Товары и корма для собак|Корм сухой для собак|Chappi;Poccия;15кг;;;https://zootovary.ru/catalog/tovary-i-korma-dlya-sobak/korm_sukhoy_dlya_sobak/chappi/chappi_sytnyy_myasnoy_obed_myasnoe_izobilie.html;['/upload/resize_cache/iblock/bca/450_450_1dfc9401eed6705ea741f22b962e86776/Chappi-Sytnyy-Myasnoy-Obed-Myasnoe-Izobilie-kupit-Zootovary.Ru.jpg', '/upload/resize_cache/iblock/bca/450_450_1dfc9401eed6705ea741f22b962e86776/Chappi-Sytnyy-Myasnoy-Obed-Myasnoe-Izobilie-kupit-Zootovary.Ru.jpg', '/upload/resize_cache/iblock/5c1/450_450_1dfc9401eed6705ea741f22b962e86776/Chappi-Sytnyy-Myasnoy-Obed-Myasnoe-Izobilie-kupit-Zootovary.Ru.jpg', '/upload/resize_cache/iblock/438/450_450_1dfc9401eed6705ea741f22b962e86776/Chappi-Sytnyy-Myasnoy-Obed-Myasnoe-Izobilie-kupit-Zootovary.Ru.jpg']
22.25.49 2023-01-17;1000;;0;4627079680726;z100679;BLITZ сухой корм для щенков всех пород Курица с рисом;Главная|Каталог|Товары и корма для собак|Корм сухой для собак|Blitz;Италия;2кг;;;https://zootovary.ru/catalog/tovary-i-korma-dlya-sobak/korm_sukhoy_dlya_sobak/blitz/blitz_sukhoy_korm_dlya_shchenkov_vsekh_porod_kuritsa_s_risom.html;['/upload/resize_cache/iblock/d37/500_500_1dfc9401eed6705ea741f22b962e86776/BLITZ-sukhoy-korm-dlya-shchenkov-vsekh-porod-Kuritsa-s-risom-kupit-Zootovary.Ru.jpg', '/upload/resize_cache/iblock/d37/500_500_1dfc9401eed6705ea741f22b962e86776/BLITZ-sukhoy-korm-dlya-shchenkov-vsekh-porod-Kuritsa-s-risom-kupit-Zootovary.Ru.jpg', '/upload/resize_cache/iblock/a98/500_500_1dfc9401eed6705ea741f22b962e86776/BLITZ-sukhoy-korm-dlya-shchenkov-vsekh-porod-Kuritsa-s-risom-kupit-Zootovary.Ru.jpg']
22.25.49 2023-01-17;5712;5426;1;4627079680757;z72884;BLITZ сухой корм для щенков всех пород Курица с рисом;Главная|Каталог|Товары и корма для собак|Корм сухой для собак|Blitz;Италия;15кг;;;https://zootovary.ru/catalog/tovary-i-korma-dlya-sobak/korm_sukhoy_dlya_sobak/blitz/blitz_sukhoy_korm_dlya_shchenkov_vsekh_porod_kuritsa_s_risom.html;['/upload/resize_cache/iblock/d37/500_500_1dfc9401eed6705ea741f22b962e86776/BLITZ-sukhoy-korm-dlya-shchenkov-vsekh-porod-Kuritsa-s-risom-kupit-Zootovary.Ru.jpg', '/upload/resize_cache/iblock/d37/500_500_1dfc9401eed6705ea741f22b962e86776/BLITZ-sukhoy-korm-dlya-shchenkov-vsekh-porod-Kuritsa-s-risom-kupit-Zootovary.Ru.jpg', '/upload/resize_cache/iblock/a98/500_500_1dfc9401eed6705ea741f22b962e86776/BLITZ-sukhoy-korm-dlya-shchenkov-vsekh-porod-Kuritsa-s-risom-kupit-Zootovary.Ru.jpg']
22.25.49 2023-01-17;4872;;1;8007520012652up;z102505up;Morando Professional Консервированный корм для кошек паштет с курицей и индейкой;Главная|Каталог|Товары и корма для кошек|Корм влажный для кошек|Morando;Италия;24х400г;;;https://zootovary.ru/catalog/tovary-i-korma-dlya-koshek/korm_vlazhnyy_dlya_koshek/morando/morando_professional_konservirovannyy_korm_dlya_koshek_pashtet_s_kuritsey_i_indeykoy.html;['/upload/resize_cache/iblock/b04/500_500_1dfc9401eed6705ea741f22b962e86776/Morando-Professional-Konservirovannyy-korm-dlya-koshek-pashtet-s-kuritsey-i-indeykoy-kupit-Zootovary.Ru.jpg', '/upload/resize_cache/iblock/b04/500_500_1dfc9401eed6705ea741f22b962e86776/Morando-Professional-Konservirovannyy-korm-dlya-koshek-pashtet-s-kuritsey-i-indeykoy-kupit-Zootovary.Ru.jpg', '/upload/resize_cache/iblock/d94/500_500_1dfc9401eed6705ea741f22b962e86776/Morando-Professional-Konservirovannyy-korm-dlya-koshek-pashtet-s-kuritsey-i-indeykoy-kupit-Zootovary.Ru.jpg']
22.25.49 2023-01-17;195;185;1;8007520012652;z102505;Morando Professional Консервированный корм для кошек паштет с курицей и индейкой;Главная|Каталог|Товары и корма для кошек|Корм влажный для кошек|Morando;Италия;400г;;;https://zootovary.ru/catalog/tovary-i-korma-dlya-koshek/korm_vlazhnyy_dlya_koshek/morando/morando_professional_konservirovannyy_korm_dlya_koshek_pashtet_s_kuritsey_i_indeykoy.html;['/upload/resize_cache/iblock/b04/500_500_1dfc9401eed6705ea741f22b962e86776/Morando-Professional-Konservirovannyy-korm-dlya-koshek-pashtet-s-kuritsey-i-indeykoy-kupit-Zootovary.Ru.jpg', '/upload/resize_cache/iblock/b04/500_500_1dfc9401eed6705ea741f22b962e86776/Morando-Professional-Konservirovannyy-korm-dlya-koshek-pashtet-s-kuritsey-i-indeykoy-kupit-Zootovary.Ru.jpg', '/upload/resize_cache/iblock/d94/500_500_1dfc9401eed6705ea741f22b962e86776/Morando-Professional-Konservirovannyy-korm-dlya-koshek-pashtet-s-kuritsey-i-indeykoy-kupit-Zootovary.Ru.jpg']
22.25.49 2023-01-17;1632;;1;4660018501737up;68957up;Четвероногий ГУРМАН консервы для кошек мясное ассорти с индейкой;Главная|Каталог|Товары и корма для кошек|Корм влажный для кошек|Четвероногий гурман|Мясное ассорти;Poccия;12х190г;;;https://zootovary.ru/catalog/tovary-i-korma-dlya-koshek/korm_vlazhnyy_dlya_koshek/chetveronogiy-gurman/myasnoe-assorti/chetveronogiy_gurman_konservy_dlya_koshek_myasnoe_assorti_s_indeykoy.html;['/upload/resize_cache/iblock/d4e/500_500_1dfc9401eed6705ea741f22b962e86776/CHetveronogiy-GURMAN-konservy-dlya-koshek-myasnoe-assorti-s-indeykoy-kupit-Zootovary.Ru.jpg', '/upload/resize_cache/iblock/d4e/500_500_1dfc9401eed6705ea741f22b962e86776/CHetveronogiy-GURMAN-konservy-dlya-koshek-myasnoe-assorti-s-indeykoy-kupit-Zootovary.Ru.jpg', '/upload/resize_cache/iblock/c7c/450_450_1dfc9401eed6705ea741f22b962e86776/CHetveronogiy-GURMAN-konservy-dlya-koshek-myasnoe-assorti-s-indeykoy-kupit-Zootovary.Ru.jpg']
22.25.49 2023-01-17;131;124;1;4660018501737;68957;Четвероногий ГУРМАН консервы для кошек мясное ассорти с индейкой;Главная|Каталог|Товары и корма для кошек|Корм влажный для кошек|Четвероногий гурман|Мясное ассорти;Poccия;190г;;;https://zootovary.ru/catalog/tovary-i-korma-dlya-koshek/korm_vlazhnyy_dlya_koshek/chetveronogiy-gurman/myasnoe-assorti/chetveronogiy_gurman_konservy_dlya_koshek_myasnoe_assorti_s_indeykoy.html;['/upload/resize_cache/iblock/d4e/500_500_1dfc9401eed6705ea741f22b962e86776/CHetveronogiy-GURMAN-konservy-dlya-koshek-myasnoe-assorti-s-indeykoy-kupit-Zootovary.Ru.jpg', '/upload/resize_cache/iblock/d4e/500_500_1dfc9401eed6705ea741f22b962e86776/CHetveronogiy-GURMAN-konservy-dlya-koshek-myasnoe-assorti-s-indeykoy-kupit-Zootovary.Ru.jpg', '/upload/resize_cache/iblock/c7c/450_450_1dfc9401eed6705ea741f22b962e86776/CHetveronogiy-GURMAN-konservy-dlya-koshek-myasnoe-assorti-s-indeykoy-kupit-Zootovary.Ru.jpg']
22.25.49 2023-01-17;1510;;1;4607048071717up;z64941up;Ем Без Проблем Натуральная Формула Бычье Сердце в Желе для Собак Ламистер;Главная|Каталог|Товары и корма для собак|Корм влажный для собак|Натуральная Формула;Poccия;10х300г;;;https://zootovary.ru/catalog/tovary-i-korma-dlya-sobak/korm_vlazhnyy_dlya_sobak/naturalnaya-formula/em_bez_problem_naturalnaya_formula_byche_serdtse_v_zhele_dlya_sobak_lamister.html;['/upload/resize_cache/iblock/558/450_450_1dfc9401eed6705ea741f22b962e86776/Em-Bez-Problem-Naturalnaya-Formula-Byche-Serdtse-v-ZHele-dlya-Sobak-Lamister-kupit-Zootovary.Ru.jpg', '/upload/resize_cache/iblock/558/450_450_1dfc9401eed6705ea741f22b962e86776/Em-Bez-Problem-Naturalnaya-Formula-Byche-Serdtse-v-ZHele-dlya-Sobak-Lamister-kupit-Zootovary.Ru.jpg']
22.25.49 2023-01-17;186;177;1;4640011981453;z73413;ProBalance 1'st Diet Корм для котят с Цыпленком;Главная|Каталог|Товары и корма для кошек|Корм сухой для кошек|ProBalance;Poccия;400г;;;https://zootovary.ru/catalog/tovary-i-korma-dlya-koshek/korm_sukhoy_dlya_koshek/probalance/probalance_1_st_diet_korm_dlya_kotyat_s_tsyplenkom.html;['/upload/resize_cache/iblock/5fd/500_500_1dfc9401eed6705ea741f22b962e86776/ProBalance-1_st-Diet-Korm-dlya-kotyat-s-TSyplenkom-kupit-Zootovary.Ru.jpg', '/upload/resize_cache/iblock/5fd/500_500_1dfc9401eed6705ea741f22b962e86776/ProBalance-1_st-Diet-Korm-dlya-kotyat-s-TSyplenkom-kupit-Zootovary.Ru.jpg', '/upload/resize_cache/iblock/110/450_450_1dfc9401eed6705ea741f22b962e86776/ProBalance-1_st-Diet-Korm-dlya-kotyat-s-TSyplenkom-kupit-Zootovary.Ru.jpg']
22.25.49 2023-01-17;4035;3833;1;4640011981828;z66940;ProBalance 1'st Diet Корм для котят с Цыпленком;Главная|Каталог|Товары и корма для кошек|Корм сухой для кошек|ProBalance;Poccия;10кг;;;https://zootovary.ru/catalog/tovary-i-korma-dlya-koshek/korm_sukhoy_dlya_koshek/probalance/probalance_1_st_diet_korm_dlya_kotyat_s_tsyplenkom.html;['/upload/resize_cache/iblock/5fd/500_500_1dfc9401eed6705ea741f22b962e86776/ProBalance-1_st-Diet-Korm-dlya-kotyat-s-TSyplenkom-kupit-Zootovary.Ru.jpg', '/upload/resize_cache/iblock/5fd/500_500_1dfc9401eed6705ea741f22b962e86776/ProBalance-1_st-Diet-Korm-dlya-kotyat-s-TSyplenkom-kupit-Zootovary.Ru.jpg', '/upload/resize_cache/iblock/110/450_450_1dfc9401eed6705ea741f22b962e86776/ProBalance-1_st-Diet-Korm-dlya-kotyat-s-TSyplenkom-kupit-Zootovary.Ru.jpg']
22.25.49 2023-01-17;8098;7693;1;7613034989314;79667;Pro Plan Sterilised 7+ Индейка cухой корм для кастрированных котов и стерилизованных кошек старше 7 лет;Главная|Каталог|Товары и корма для кошек|Корм сухой для кошек|Pro Plan|Пожилые;Франция;10кг;;;https://zootovary.ru/catalog/tovary-i-korma-dlya-koshek/korm_sukhoy_dlya_koshek/pro-plan/pozhilye/pro_plan_sterilised_7_indeyka_cukhoy_korm_dlya_kastrirovannykh_kotov_i_sterilizovannykh_koshek_starsh.html;['/upload/resize_cache/iblock/066/450_450_1dfc9401eed6705ea741f22b962e86776/Pro-Plan-Sterilised-7_-Indeyka-cukhoy-korm-dlya-kastrirovannykh-kotov-i-sterilizovannykh-koshek-starshe-7-let-kupit-Zootovary.Ru.jpg', '/upload/resize_cache/iblock/066/450_450_1dfc9401eed6705ea741f22b962e86776/Pro-Plan-Sterilised-7_-Indeyka-cukhoy-korm-dlya-kastrirovannykh-kotov-i-sterilizovannykh-koshek-starshe-7-let-kupit-Zootovary.Ru.jpg', '/upload/resize_cache/iblock/7fb/450_450_1dfc9401eed6705ea741f22b962e86776/Pro-Plan-Sterilised-7_-Indeyka-cukhoy-korm-dlya-kastrirovannykh-kotov-i-sterilizovannykh-koshek-starshe-7-let-kupit-Zootovary.Ru.jpg', '/upload/resize_cache/iblock/9eb/450_450_1dfc9401eed6705ea741f22b962e86776/Pro-Plan-Sterilised-7_-Indeyka-cukhoy-korm-dlya-kastrirovannykh-kotov-i-sterilizovannykh-koshek-starshe-7-let-kupit-Zootovary.Ru.jpg', '/upload/resize_cache/iblock/f1d/450_450_1dfc9401eed6705ea741f22b962e86776/Pro-Plan-Sterilised-7_-Indeyka-cukhoy-korm-dlya-kastrirovannykh-kotov-i-sterilizovannykh-koshek-starshe-7-let-kupit-Zootovary.Ru.jpg']
22.25.49 2023-01-17;1588;1509;1;7613036498722;72403;Pro Plan Sterilised 7+ Индейка cухой корм для кастрированных котов и стерилизованных кошек старше 7 лет;Главная|Каталог|Товары и корма для кошек|Корм сухой для кошек|Pro Plan|Пожилые;Франция;1,5 кг;;;https://zootovary.ru/catalog/tovary-i-korma-dlya-koshek/korm_sukhoy_dlya_koshek/pro-plan/pozhilye/pro_plan_sterilised_7_indeyka_cukhoy_korm_dlya_kastrirovannykh_kotov_i_sterilizovannykh_koshek_starsh.html;['/upload/resize_cache/iblock/066/450_450_1dfc9401eed6705ea741f22b962e86776/Pro-Plan-Sterilised-7_-Indeyka-cukhoy-korm-dlya-kastrirovannykh-kotov-i-sterilizovannykh-koshek-starshe-7-let-kupit-Zootovary.Ru.jpg', '/upload/resize_cache/iblock/066/450_450_1dfc9401eed6705ea741f22b962e86776/Pro-Plan-Sterilised-7_-Indeyka-cukhoy-korm-dlya-kastrirovannykh-kotov-i-sterilizovannykh-koshek-starshe-7-let-kupit-Zootovary.Ru.jpg', '/upload/resize_cache/iblock/7fb/450_450_1dfc9401eed6705ea741f22b962e86776/Pro-Plan-Sterilised-7_-Indeyka-cukhoy-korm-dlya-kastrirovannykh-kotov-i-sterilizovannykh-koshek-starshe-7-let-kupit-Zootovary.Ru.jpg', '/upload/resize_cache/iblock/9eb/450_450_1dfc9401eed6705ea741f22b962e86776/Pro-Plan-Sterilised-7_-Indeyka-cukhoy-korm-dlya-kastrirovannykh-kotov-i-sterilizovannykh-koshek-starshe-7-let-kupit-Zootovary.Ru.jpg', '/upload/resize_cache/iblock/f1d/450_450_1dfc9401eed6705ea741f22b962e86776/Pro-Plan-Sterilised-7_-Indeyka-cukhoy-korm-dlya-kastrirovannykh-kotov-i-sterilizovannykh-koshek-starshe-7-let-kupit-Zootovary.Ru.jpg']
22.25.49 2023-01-17;2987;2838;0;7613036498692;71440;Pro Plan Sterilised 7+ Индейка cухой корм для кастрированных котов и стерилизованных кошек старше 7 лет;Главная|Каталог|Товары и корма для кошек|Корм сухой для кошек|Pro Plan|Пожилые;Франция;3 кг;;;https://zootovary.ru/catalog/tovary-i-korma-dlya-koshek/korm_sukhoy_dlya_koshek/pro-plan/pozhilye/pro_plan_sterilised_7_indeyka_cukhoy_korm_dlya_kastrirovannykh_kotov_i_sterilizovannykh_koshek_starsh.html;['/upload/resize_cache/iblock/066/450_450_1dfc9401eed6705ea741f22b962e86776/Pro-Plan-Sterilised-7_-Indeyka-cukhoy-korm-dlya-kastrirovannykh-kotov-i-sterilizovannykh-koshek-starshe-7-let-kupit-Zootovary.Ru.jpg', '/upload/resize_cache/iblock/066/450_450_1dfc9401eed6705ea741f22b962e86776/Pro-Plan-Sterilised-7_-Indeyka-cukhoy-korm-dlya-kastrirovannykh-kotov-i-sterilizovannykh-koshek-starshe-7-let-kupit-Zootovary.Ru.jpg', '/upload/resize_cache/iblock/7fb/450_450_1dfc9401eed6705ea741f22b962e86776/Pro-Plan-Sterilised-7_-Indeyka-cukhoy-korm-dlya-kastrirovannykh-kotov-i-sterilizovannykh-koshek-starshe-7-let-kupit-Zootovary.Ru.jpg', '/upload/resize_cache/iblock/9eb/450_450_1dfc9401eed6705ea741f22b962e86776/Pro-Plan-Sterilised-7_-Indeyka-cukhoy-korm-dlya-kastrirovannykh-kotov-i-sterilizovannykh-koshek-starshe-7-let-kupit-Zootovary.Ru.jpg', '/upload/resize_cache/iblock/f1d/450_450_1dfc9401eed6705ea741f22b962e86776/Pro-Plan-Sterilised-7_-Indeyka-cukhoy-korm-dlya-kastrirovannykh-kotov-i-sterilizovannykh-koshek-starshe-7-let-kupit-Zootovary.Ru.jpg']
22.25.49 2023-01-17;457;434;1;7613034989703;71074;Pro Plan Sterilised 7+ Индейка cухой корм для кастрированных котов и стерилизованных кошек старше 7 лет;Главная|Каталог|Товары и корма для кошек|Корм сухой для кошек|Pro Plan|Пожилые;Франция;400 гр;;;https://zootovary.ru/catalog/tovary-i-korma-dlya-koshek/korm_sukhoy_dlya_koshek/pro-plan/pozhilye/pro_plan_sterilised_7_indeyka_cukhoy_korm_dlya_kastrirovannykh_kotov_i_sterilizovannykh_koshek_starsh.html;['/upload/resize_cache/iblock/066/450_450_1dfc9401eed6705ea741f22b962e86776/Pro-Plan-Sterilised-7_-Indeyka-cukhoy-korm-dlya-kastrirovannykh-kotov-i-sterilizovannykh-koshek-starshe-7-let-kupit-Zootovary.Ru.jpg', '/upload/resize_cache/iblock/066/450_450_1dfc9401eed6705ea741f22b962e86776/Pro-Plan-Sterilised-7_-Indeyka-cukhoy-korm-dlya-kastrirovannykh-kotov-i-sterilizovannykh-koshek-starshe-7-let-kupit-Zootovary.Ru.jpg', '/upload/resize_cache/iblock/7fb/450_450_1dfc9401eed6705ea741f22b962e86776/Pro-Plan-Sterilised-7_-Indeyka-cukhoy-korm-dlya-kastrirovannykh-kotov-i-sterilizovannykh-koshek-starshe-7-let-kupit-Zootovary.Ru.jpg', '/upload/resize_cache/iblock/9eb/450_450_1dfc9401eed6705ea741f22b962e86776/Pro-Plan-Sterilised-7_-Indeyka-cukhoy-korm-dlya-kastrirovannykh-kotov-i-sterilizovannykh-koshek-starshe-7-let-kupit-Zootovary.Ru.jpg', '/upload/resize_cache/iblock/f1d/450_450_1dfc9401eed6705ea741f22b962e86776/Pro-Plan-Sterilised-7_-Indeyka-cukhoy-korm-dlya-kastrirovannykh-kotov-i-sterilizovannykh-koshek-starshe-7-let-kupit-Zootovary.Ru.jpg']
22.25.49 2023-01-17;319;303;1;4640000317546;33555;TiTBiT Лапки кроличьи большие XL - мягкая упаковка 7546;Главная|Каталог|Товары и корма для собак|Лакомства|TiTBiT|Кролик;Poccия;;;шт;https://zootovary.ru/catalog/tovary-i-korma-dlya-sobak/lakomstva/titbit/krolik/titbit_lapki_krolichi_bolshie_xl_myagkaya_upakovka_7546.html;['/upload/resize_cache/iblock/a00/450_450_1dfc9401eed6705ea741f22b962e86776/TiTBiT-Lapki-krolichi-bolshie-XL-_-myagkaya-upakovka-7546-kupit-Zootovary.Ru.jpg', '/upload/resize_cache/iblock/a00/450_450_1dfc9401eed6705ea741f22b962e86776/TiTBiT-Lapki-krolichi-bolshie-XL-_-myagkaya-upakovka-7546-kupit-Zootovary.Ru.jpg']
22.25.50 2023-01-17;2198;;0;4027671011704;44374;Hokamix Skin & Shine (масло для приёма внутрь);Главная|Каталог|Товары и корма для собак|Витамины|Hokamix;Германия;300г;;;https://zootovary.ru/catalog/tovary-i-korma-dlya-sobak/vitaminy_/hokamix/hokamix_skin_shine_maslo_dlya_priyema_vnutr.html;['/upload/resize_cache/iblock/595/450_450_1dfc9401eed6705ea741f22b962e86776/Hokamix-Skin-_-Shine-_maslo-dlya-priyema-vnutr_-kupit-Zootovary.Ru.jpg', '/upload/resize_cache/iblock/595/450_450_1dfc9401eed6705ea741f22b962e86776/Hokamix-Skin-_-Shine-_maslo-dlya-priyema-vnutr_-kupit-Zootovary.Ru.jpg']
22.25.50 2023-01-17;203;193;1;4605851000085;05303;Химола Приучающий Спрей для Кошек 150 Мл.;Главная|Каталог|Товары и корма для кошек|Средства по уходу|Корректоры поведения;Poccия;200г;;;https://zootovary.ru/catalog/tovary-i-korma-dlya-koshek/sredstva-po-ukhodu/korrektory-povedeniya/khimola_priuchayushchiy_sprey_dlya_koshek_150_ml.html;['/upload/resize_cache/iblock/bd8/450_450_1dfc9401eed6705ea741f22b962e86776/KHimola-Priuchayushchiy-Sprey-dlya-Koshek-150-Ml.-kupit-Zootovary.Ru.jpg', '/upload/resize_cache/iblock/bd8/450_450_1dfc9401eed6705ea741f22b962e86776/KHimola-Priuchayushchiy-Sprey-dlya-Koshek-150-Ml.-kupit-Zootovary.Ru.jpg']
22.25.51 2023-01-17;825;784;1;4607177767840;20042;Polidex Супер Вул Плюс 200 Таб.Для Кошек - Улучшает Состояние и Стимулирует Рост Шерсти, Защищает от Сухости Кожи и Появления Перхоти 7840;Главная|Каталог|Товары и корма для кошек|Витамины|Polidex;Poccия;40г;;;https://zootovary.ru/catalog/tovary-i-korma-dlya-koshek/vitaminy/polidex/polidex_super_vul_plyus_200_tab_dlya_koshek_uluchshaet_sostoyanie_i_stimuliruet_rost_shersti_zashchi.html;['/upload/resize_cache/iblock/31c/450_450_1dfc9401eed6705ea741f22b962e86776/Polidex-Super-Vul-Plyus-200-Tab.Dlya-Koshek-_-Uluchshaet-Sostoyanie-i-Stimuliruet-Rost-SHersti_-Zashchishchaet-ot-Sukhosti-Kozhi-i-Poyavleniya-Perkhoti-7840-kupit-Zootovary.Ru.jpg', '/upload/resize_cache/iblock/31c/450_450_1dfc9401eed6705ea741f22b962e86776/Polidex-Super-Vul-Plyus-200-Tab.Dlya-Koshek-_-Uluchshaet-Sostoyanie-i-Stimuliruet-Rost-SHersti_-Zashchishchaet-ot-Sukhosti-Kozhi-i-Poyavleniya-Perkhoti-7840-kupit-Zootovary.Ru.jpg']
22.25.51 2023-01-17;2140;;0;4607125695850up;z79202up;Оскар консервы для собак с Кроликом;Главная|Каталог|Товары и корма для собак|Корм влажный для собак|Оскар;Россия;20х350гр;;;https://zootovary.ru/catalog/tovary-i-korma-dlya-sobak/korm_vlazhnyy_dlya_sobak/oskar/oskar_konservy_dlya_sobak_s_krolikom.html;['/upload/resize_cache/iblock/fd8/500_500_1dfc9401eed6705ea741f22b962e86776/Oskar-konservy-dlya-sobak-s-Krolikom-kupit-Zootovary.Ru.jpg', '/upload/resize_cache/iblock/fd8/500_500_1dfc9401eed6705ea741f22b962e86776/Oskar-konservy-dlya-sobak-s-Krolikom-kupit-Zootovary.Ru.jpg', '/upload/resize_cache/iblock/291/500_500_1dfc9401eed6705ea741f22b962e86776/Oskar-konservy-dlya-sobak-s-Krolikom-kupit-Zootovary.Ru.jpg']
22.25.51 2023-01-17;103;98;1;4607125695850;z79202;Оскар консервы для собак с Кроликом;Главная|Каталог|Товары и корма для собак|Корм влажный для собак|Оскар;Россия;350гр;;;https://zootovary.ru/catalog/tovary-i-korma-dlya-sobak/korm_vlazhnyy_dlya_sobak/oskar/oskar_konservy_dlya_sobak_s_krolikom.html;['/upload/resize_cache/iblock/fd8/500_500_1dfc9401eed6705ea741f22b962e86776/Oskar-konservy-dlya-sobak-s-Krolikom-kupit-Zootovary.Ru.jpg', '/upload/resize_cache/iblock/fd8/500_500_1dfc9401eed6705ea741f22b962e86776/Oskar-konservy-dlya-sobak-s-Krolikom-kupit-Zootovary.Ru.jpg', '/upload/resize_cache/iblock/291/500_500_1dfc9401eed6705ea741f22b962e86776/Oskar-konservy-dlya-sobak-s-Krolikom-kupit-Zootovary.Ru.jpg']
22.25.51 2023-01-17;177;159;1;8005852617644;z63420;Schesir Консервы для Кошек Тунец и Курица с Креветками Пауч;Главная|Каталог|Товары и корма для кошек|Корм влажный для кошек|Schesir|Паучи;Таиланд;50г;;;https://zootovary.ru/catalog/tovary-i-korma-dlya-koshek/korm_vlazhnyy_dlya_koshek/schesir/pauchi/schesir_konservy_dlya_koshek_tunets_i_kuritsa_s_krevetkami_pauch.html;['/upload/resize_cache/iblock/dc3/450_450_1dfc9401eed6705ea741f22b962e86776/Schesir-Konservy-dlya-Koshek-Tunets-i-Kuritsa-s-Krevetkami-Pauch-kupit-Zootovary.Ru.jpg', '/upload/resize_cache/iblock/dc3/450_450_1dfc9401eed6705ea741f22b962e86776/Schesir-Konservy-dlya-Koshek-Tunets-i-Kuritsa-s-Krevetkami-Pauch-kupit-Zootovary.Ru.jpg', '/upload/resize_cache/iblock/067/450_450_1dfc9401eed6705ea741f22b962e86776/Schesir-Konservy-dlya-Koshek-Tunets-i-Kuritsa-s-Krevetkami-Pauch-kupit-Zootovary.Ru.jpg']
22.25.51 2023-01-17;312;281;1;8005852015785;56047;Schesir Консервы для Кошек Тунец и Курица с Креветками Пауч;Главная|Каталог|Товары и корма для кошек|Корм влажный для кошек|Schesir|Паучи;Таиланд;100г;;;https://zootovary.ru/catalog/tovary-i-korma-dlya-koshek/korm_vlazhnyy_dlya_koshek/schesir/pauchi/schesir_konservy_dlya_koshek_tunets_i_kuritsa_s_krevetkami_pauch.html;['/upload/resize_cache/iblock/dc3/450_450_1dfc9401eed6705ea741f22b962e86776/Schesir-Konservy-dlya-Koshek-Tunets-i-Kuritsa-s-Krevetkami-Pauch-kupit-Zootovary.Ru.jpg', '/upload/resize_cache/iblock/dc3/450_450_1dfc9401eed6705ea741f22b962e86776/Schesir-Konservy-dlya-Koshek-Tunets-i-Kuritsa-s-Krevetkami-Pauch-kupit-Zootovary.Ru.jpg', '/upload/resize_cache/iblock/067/450_450_1dfc9401eed6705ea741f22b962e86776/Schesir-Konservy-dlya-Koshek-Tunets-i-Kuritsa-s-Krevetkami-Pauch-kupit-Zootovary.Ru.jpg']
22.25.52 2023-01-17;5891;5596;0;4627079681600;z90511;BLITZ Senior Sensitive сухой корм для пожилых собак старше 7 лет Индейка;Главная|Каталог|Товары и корма для собак|Корм сухой для собак|Blitz;Италия;15кг;;;https://zootovary.ru/catalog/tovary-i-korma-dlya-sobak/korm_sukhoy_dlya_sobak/blitz/blitz_senior_sensitive_sukhoy_korm_dlya_pozhilykh_sobak_starshe_7_let_indeyka.html;['/upload/resize_cache/iblock/cd4/500_500_1dfc9401eed6705ea741f22b962e86776/BLITZ-Senior-Sensitive-sukhoy-korm-dlya-pozhilykh-sobak-starshe-7-let-Indeyka-kupit-Zootovary.Ru.jpg', '/upload/resize_cache/iblock/cd4/500_500_1dfc9401eed6705ea741f22b962e86776/BLITZ-Senior-Sensitive-sukhoy-korm-dlya-pozhilykh-sobak-starshe-7-let-Indeyka-kupit-Zootovary.Ru.jpg']
22.25.52 2023-01-17;175;166;1;4607004706547;z66939;ProBalance HAIR & BEAUTY Корм для кошек Красивая шерсть и здоровая кожа;Главная|Каталог|Товары и корма для кошек|Корм сухой для кошек|ProBalance;Poccия;400г;;;https://zootovary.ru/catalog/tovary-i-korma-dlya-koshek/korm_sukhoy_dlya_koshek/probalance/probalance_hair_beauty_korm_dlya_koshek_krasivaya_sherst_i_zdorovaya_kozha.html;['/upload/resize_cache/iblock/c71/450_450_1dfc9401eed6705ea741f22b962e86776/ProBalance-HAIR-_-BEAUTY-Korm-dlya-koshek-Krasivaya-sherst-i-zdorovaya-kozha-kupit-Zootovary.Ru.jpg', '/upload/resize_cache/iblock/c71/450_450_1dfc9401eed6705ea741f22b962e86776/ProBalance-HAIR-_-BEAUTY-Korm-dlya-koshek-Krasivaya-sherst-i-zdorovaya-kozha-kupit-Zootovary.Ru.jpg']
22.25.53 2023-01-17;4872;;1;8007520099165up;z102498up;Morando Professional Консервированный корм для кошек паштет с ягненком;Главная|Каталог|Товары и корма для кошек|Корм влажный для кошек|Morando;Италия;24х400г;;;https://zootovary.ru/catalog/tovary-i-korma-dlya-koshek/korm_vlazhnyy_dlya_koshek/morando/morando_professional_konservirovannyy_korm_dlya_koshek_pashtet_s_yagnenkom.html;['/upload/resize_cache/iblock/a9f/500_500_1dfc9401eed6705ea741f22b962e86776/Morando-Professional-Konservirovannyy-korm-dlya-koshek-pashtet-s-yagnenkom-kupit-Zootovary.Ru.jpg', '/upload/resize_cache/iblock/a9f/500_500_1dfc9401eed6705ea741f22b962e86776/Morando-Professional-Konservirovannyy-korm-dlya-koshek-pashtet-s-yagnenkom-kupit-Zootovary.Ru.jpg', '/upload/resize_cache/iblock/8b4/500_500_1dfc9401eed6705ea741f22b962e86776/Morando-Professional-Konservirovannyy-korm-dlya-koshek-pashtet-s-yagnenkom-kupit-Zootovary.Ru.jpg']
22.25.53 2023-01-17;195;185;1;8007520099165;z102498;Morando Professional Консервированный корм для кошек паштет с ягненком;Главная|Каталог|Товары и корма для кошек|Корм влажный для кошек|Morando;Италия;400г;;;https://zootovary.ru/catalog/tovary-i-korma-dlya-koshek/korm_vlazhnyy_dlya_koshek/morando/morando_professional_konservirovannyy_korm_dlya_koshek_pashtet_s_yagnenkom.html;['/upload/resize_cache/iblock/a9f/500_500_1dfc9401eed6705ea741f22b962e86776/Morando-Professional-Konservirovannyy-korm-dlya-koshek-pashtet-s-yagnenkom-kupit-Zootovary.Ru.jpg', '/upload/resize_cache/iblock/a9f/500_500_1dfc9401eed6705ea741f22b962e86776/Morando-Professional-Konservirovannyy-korm-dlya-koshek-pashtet-s-yagnenkom-kupit-Zootovary.Ru.jpg', '/upload/resize_cache/iblock/8b4/500_500_1dfc9401eed6705ea741f22b962e86776/Morando-Professional-Konservirovannyy-korm-dlya-koshek-pashtet-s-yagnenkom-kupit-Zootovary.Ru.jpg']
22.25.53 2023-01-17;31;29;1;4690538011607;z103216;ТитБит Колбаски Венские с мясом кролика длясобак маленьких и средних пород 20гр;Главная|Каталог|Товары и корма для собак|Лакомства|TiTBiT|Кролик;Россия;;;шт;https://zootovary.ru/catalog/tovary-i-korma-dlya-sobak/lakomstva/titbit/krolik/titbit_kolbaski_venskie_s_myasom_krolika_dlyasobak_malenkikh_i_srednikh_porod_20gr.html;['/upload/resize_cache/iblock/842/500_500_1dfc9401eed6705ea741f22b962e86776/TitBit-Kolbaski-Venskie-s-myasom-krolika-dlyasobak-malenkikh-i-srednikh-porod-20gr-kupit-Zootovary.Ru.jpg', '/upload/resize_cache/iblock/842/500_500_1dfc9401eed6705ea741f22b962e86776/TitBit-Kolbaski-Venskie-s-myasom-krolika-dlyasobak-malenkikh-i-srednikh-porod-20gr-kupit-Zootovary.Ru.jpg']
22.25.53 2023-01-17;2916;;1;4650094043290up;z104731up;SOLID NATURA VET Recovery Support диета для кошек и собак влажный;Главная|Каталог|Товары и корма для кошек|Корм лечебный для кошек|Solid Natura;Россия;12х340гр;;;https://zootovary.ru/catalog/tovary-i-korma-dlya-koshek/korm_lechebnyy_dlya_koshek/solid-natura_1/solid_natura_vet_recovery_support_dieta_dlya_koshek_i_sobak_vlazhnyy.html;['/upload/resize_cache/iblock/e05/339_500_1dfc9401eed6705ea741f22b962e86776/SOLID-NATURA-VET-Recovery-Support-dieta-dlya-koshek-i-sobak-vlazhnyy-kupit-Zootovary.Ru.jpg', '/upload/resize_cache/iblock/e05/339_500_1dfc9401eed6705ea741f22b962e86776/SOLID-NATURA-VET-Recovery-Support-dieta-dlya-koshek-i-sobak-vlazhnyy-kupit-Zootovary.Ru.jpg', '/upload/resize_cache/iblock/629/500_500_1dfc9401eed6705ea741f22b962e86776/SOLID-NATURA-VET-Recovery-Support-dieta-dlya-koshek-i-sobak-vlazhnyy-kupit-Zootovary.Ru.jpg']
22.25.53 2023-01-17;234;222;1;4650094043290;z104731;SOLID NATURA VET Recovery Support диета для кошек и собак влажный;Главная|Каталог|Товары и корма для кошек|Корм лечебный для кошек|Solid Natura;Россия;340гр;;;https://zootovary.ru/catalog/tovary-i-korma-dlya-koshek/korm_lechebnyy_dlya_koshek/solid-natura_1/solid_natura_vet_recovery_support_dieta_dlya_koshek_i_sobak_vlazhnyy.html;['/upload/resize_cache/iblock/e05/339_500_1dfc9401eed6705ea741f22b962e86776/SOLID-NATURA-VET-Recovery-Support-dieta-dlya-koshek-i-sobak-vlazhnyy-kupit-Zootovary.Ru.jpg', '/upload/resize_cache/iblock/e05/339_500_1dfc9401eed6705ea741f22b962e86776/SOLID-NATURA-VET-Recovery-Support-dieta-dlya-koshek-i-sobak-vlazhnyy-kupit-Zootovary.Ru.jpg', '/upload/resize_cache/iblock/629/500_500_1dfc9401eed6705ea741f22b962e86776/SOLID-NATURA-VET-Recovery-Support-dieta-dlya-koshek-i-sobak-vlazhnyy-kupit-Zootovary.Ru.jpg']
22.25.53 2023-01-17;89;85;1;4607171540937;13438;Четвероногий Гурман для Кошек Мясное Ассорти с Индейкой;Главная|Каталог|Товары и корма для кошек|Корм влажный для кошек|Четвероногий гурман|Мясное ассорти;Poccия;100г;;;https://zootovary.ru/catalog/tovary-i-korma-dlya-koshek/korm_vlazhnyy_dlya_koshek/chetveronogiy-gurman/myasnoe-assorti/chetveronogiy_gurman_dlya_koshek_myasnoe_assorti_s_indeykoy.html;['/upload/resize_cache/iblock/f54/450_450_1dfc9401eed6705ea741f22b962e86776/CHetveronogiy-Gurman-dlya-Koshek-Myasnoe-Assorti-s-Indeykoy-kupit-Zootovary.Ru.jpg', '/upload/resize_cache/iblock/f54/450_450_1dfc9401eed6705ea741f22b962e86776/CHetveronogiy-Gurman-dlya-Koshek-Myasnoe-Assorti-s-Indeykoy-kupit-Zootovary.Ru.jpg', '/upload/resize_cache/iblock/269/500_500_1dfc9401eed6705ea741f22b962e86776/CHetveronogiy-Gurman-dlya-Koshek-Myasnoe-Assorti-s-Indeykoy-kupit-Zootovary.Ru.jpg', '/upload/resize_cache/iblock/8db/500_500_1dfc9401eed6705ea741f22b962e86776/CHetveronogiy-Gurman-dlya-Koshek-Myasnoe-Assorti-s-Indeykoy-kupit-Zootovary.Ru.jpg', '/upload/resize_cache/iblock/9ff/450_450_1dfc9401eed6705ea741f22b962e86776/CHetveronogiy-Gurman-dlya-Koshek-Myasnoe-Assorti-s-Indeykoy-kupit-Zootovary.Ru.jpg']
22.25.53 2023-01-17;2208;;1;4607171540937up;13438up;Четвероногий Гурман для Кошек Мясное Ассорти с Индейкой;Главная|Каталог|Товары и корма для кошек|Корм влажный для кошек|Четвероногий гурман|Мясное ассорти;Poccия;24х100г;;;https://zootovary.ru/catalog/tovary-i-korma-dlya-koshek/korm_vlazhnyy_dlya_koshek/chetveronogiy-gurman/myasnoe-assorti/chetveronogiy_gurman_dlya_koshek_myasnoe_assorti_s_indeykoy.html;['/upload/resize_cache/iblock/f54/450_450_1dfc9401eed6705ea741f22b962e86776/CHetveronogiy-Gurman-dlya-Koshek-Myasnoe-Assorti-s-Indeykoy-kupit-Zootovary.Ru.jpg', '/upload/resize_cache/iblock/f54/450_450_1dfc9401eed6705ea741f22b962e86776/CHetveronogiy-Gurman-dlya-Koshek-Myasnoe-Assorti-s-Indeykoy-kupit-Zootovary.Ru.jpg', '/upload/resize_cache/iblock/269/500_500_1dfc9401eed6705ea741f22b962e86776/CHetveronogiy-Gurman-dlya-Koshek-Myasnoe-Assorti-s-Indeykoy-kupit-Zootovary.Ru.jpg', '/upload/resize_cache/iblock/8db/500_500_1dfc9401eed6705ea741f22b962e86776/CHetveronogiy-Gurman-dlya-Koshek-Myasnoe-Assorti-s-Indeykoy-kupit-Zootovary.Ru.jpg', '/upload/resize_cache/iblock/9ff/450_450_1dfc9401eed6705ea741f22b962e86776/CHetveronogiy-Gurman-dlya-Koshek-Myasnoe-Assorti-s-Indeykoy-kupit-Zootovary.Ru.jpg']
22.25.53 2023-01-17;2388;2149;1;4607171540913up;13343up;Четвероногий Гурман для Кошек Мясное Ассорти с Индейкой;Главная|Каталог|Товары и корма для кошек|Корм влажный для кошек|Четвероногий гурман|Мясное ассорти;Poccия;12х340г;;;https://zootovary.ru/catalog/tovary-i-korma-dlya-koshek/korm_vlazhnyy_dlya_koshek/chetveronogiy-gurman/myasnoe-assorti/chetveronogiy_gurman_dlya_koshek_myasnoe_assorti_s_indeykoy.html;['/upload/resize_cache/iblock/f54/450_450_1dfc9401eed6705ea741f22b962e86776/CHetveronogiy-Gurman-dlya-Koshek-Myasnoe-Assorti-s-Indeykoy-kupit-Zootovary.Ru.jpg', '/upload/resize_cache/iblock/f54/450_450_1dfc9401eed6705ea741f22b962e86776/CHetveronogiy-Gurman-dlya-Koshek-Myasnoe-Assorti-s-Indeykoy-kupit-Zootovary.Ru.jpg', '/upload/resize_cache/iblock/269/500_500_1dfc9401eed6705ea741f22b962e86776/CHetveronogiy-Gurman-dlya-Koshek-Myasnoe-Assorti-s-Indeykoy-kupit-Zootovary.Ru.jpg', '/upload/resize_cache/iblock/8db/500_500_1dfc9401eed6705ea741f22b962e86776/CHetveronogiy-Gurman-dlya-Koshek-Myasnoe-Assorti-s-Indeykoy-kupit-Zootovary.Ru.jpg', '/upload/resize_cache/iblock/9ff/450_450_1dfc9401eed6705ea741f22b962e86776/CHetveronogiy-Gurman-dlya-Koshek-Myasnoe-Assorti-s-Indeykoy-kupit-Zootovary.Ru.jpg']
22.25.53 2023-01-17;192;173;1;4607171540913;13343;Четвероногий Гурман для Кошек Мясное Ассорти с Индейкой;Главная|Каталог|Товары и корма для кошек|Корм влажный для кошек|Четвероногий гурман|Мясное ассорти;Poccия;340г;;;https://zootovary.ru/catalog/tovary-i-korma-dlya-koshek/korm_vlazhnyy_dlya_koshek/chetveronogiy-gurman/myasnoe-assorti/chetveronogiy_gurman_dlya_koshek_myasnoe_assorti_s_indeykoy.html;['/upload/resize_cache/iblock/f54/450_450_1dfc9401eed6705ea741f22b962e86776/CHetveronogiy-Gurman-dlya-Koshek-Myasnoe-Assorti-s-Indeykoy-kupit-Zootovary.Ru.jpg', '/upload/resize_cache/iblock/f54/450_450_1dfc9401eed6705ea741f22b962e86776/CHetveronogiy-Gurman-dlya-Koshek-Myasnoe-Assorti-s-Indeykoy-kupit-Zootovary.Ru.jpg', '/upload/resize_cache/iblock/269/500_500_1dfc9401eed6705ea741f22b962e86776/CHetveronogiy-Gurman-dlya-Koshek-Myasnoe-Assorti-s-Indeykoy-kupit-Zootovary.Ru.jpg', '/upload/resize_cache/iblock/8db/500_500_1dfc9401eed6705ea741f22b962e86776/CHetveronogiy-Gurman-dlya-Koshek-Myasnoe-Assorti-s-Indeykoy-kupit-Zootovary.Ru.jpg', '/upload/resize_cache/iblock/9ff/450_450_1dfc9401eed6705ea741f22b962e86776/CHetveronogiy-Gurman-dlya-Koshek-Myasnoe-Assorti-s-Indeykoy-kupit-Zootovary.Ru.jpg']
22.25.53 2023-01-17;246;234;1;4606982005086;54043;Ms.Kiss Спрей Зоогигиенический Приучает  К Лотку для Кошек 200 Мл.;Главная|Каталог|Товары и корма для кошек|Средства по уходу|Корректоры поведения;Poccия;200г;;;https://zootovary.ru/catalog/tovary-i-korma-dlya-koshek/sredstva-po-ukhodu/korrektory-povedeniya/ms_kiss_sprey_zoogigienicheskiy_priuchaet_k_lotku_dlya_koshek_200_ml.html;['/upload/resize_cache/iblock/65b/450_450_1dfc9401eed6705ea741f22b962e86776/Ms.Kiss-Sprey-Zoogigienicheskiy-Priuchaet-K-Lotku-dlya-Koshek-200-Ml.-kupit-Zootovary.Ru.jpg', '/upload/resize_cache/iblock/65b/450_450_1dfc9401eed6705ea741f22b962e86776/Ms.Kiss-Sprey-Zoogigienicheskiy-Priuchaet-K-Lotku-dlya-Koshek-200-Ml.-kupit-Zootovary.Ru.jpg']
22.25.54 2023-01-17;903;858;1;4607973630294;z103320;GiGwi BULB RUBBER Игрушка для собак Резиновая лампочка 10 см;Главная|Каталог|Товары и корма для собак|Игрушки|Мячи для собак;Китай;;;шт;https://zootovary.ru/catalog/tovary-i-korma-dlya-sobak/igrushki/myachi-dlya-sobak/gigwi_bulb_rubber_igrushka_dlya_sobak_rezinovaya_lampochka_10_sm.html;['/upload/resize_cache/iblock/fde/500_500_1dfc9401eed6705ea741f22b962e86776/GiGwi-BULB-RUBBER-Igrushka-dlya-sobak-Rezinovaya-lampochka-10-sm-kupit-Zootovary.Ru.jpg', '/upload/resize_cache/iblock/fde/500_500_1dfc9401eed6705ea741f22b962e86776/GiGwi-BULB-RUBBER-Igrushka-dlya-sobak-Rezinovaya-lampochka-10-sm-kupit-Zootovary.Ru.jpg']
22.25.54 2023-01-17;177;168;0;8005852617668;z63421;Schesir Cat Цыпленок + Окунем Пауч;Главная|Каталог|Товары и корма для кошек|Корм влажный для кошек|Schesir|Паучи;Таиланд;50г;;;https://zootovary.ru/catalog/tovary-i-korma-dlya-koshek/korm_vlazhnyy_dlya_koshek/schesir/pauchi/schesir_cat_tsyplenok_okunem_pauch.html;['/upload/resize_cache/iblock/1b1/450_450_1dfc9401eed6705ea741f22b962e86776/Schesir-Cat-TSyplenok-_-Okunem-Pauch-kupit-Zootovary.Ru.jpg', '/upload/resize_cache/iblock/1b1/450_450_1dfc9401eed6705ea741f22b962e86776/Schesir-Cat-TSyplenok-_-Okunem-Pauch-kupit-Zootovary.Ru.jpg', '/upload/resize_cache/iblock/2d3/450_450_1dfc9401eed6705ea741f22b962e86776/Schesir-Cat-TSyplenok-_-Okunem-Pauch-kupit-Zootovary.Ru.jpg', '/upload/resize_cache/iblock/415/500_500_1dfc9401eed6705ea741f22b962e86776/Schesir-Cat-TSyplenok-_-Okunem-Pauch-kupit-Zootovary.Ru.jpg']
22.25.54 2023-01-17;312;296;0;8005856751092;15171;Schesir Cat Цыпленок + Окунем Пауч;Главная|Каталог|Товары и корма для кошек|Корм влажный для кошек|Schesir|Паучи;Таиланд;100г;;;https://zootovary.ru/catalog/tovary-i-korma-dlya-koshek/korm_vlazhnyy_dlya_koshek/schesir/pauchi/schesir_cat_tsyplenok_okunem_pauch.html;['/upload/resize_cache/iblock/1b1/450_450_1dfc9401eed6705ea741f22b962e86776/Schesir-Cat-TSyplenok-_-Okunem-Pauch-kupit-Zootovary.Ru.jpg', '/upload/resize_cache/iblock/1b1/450_450_1dfc9401eed6705ea741f22b962e86776/Schesir-Cat-TSyplenok-_-Okunem-Pauch-kupit-Zootovary.Ru.jpg', '/upload/resize_cache/iblock/2d3/450_450_1dfc9401eed6705ea741f22b962e86776/Schesir-Cat-TSyplenok-_-Okunem-Pauch-kupit-Zootovary.Ru.jpg', '/upload/resize_cache/iblock/415/500_500_1dfc9401eed6705ea741f22b962e86776/Schesir-Cat-TSyplenok-_-Okunem-Pauch-kupit-Zootovary.Ru.jpg']
22.25.54 2023-01-17;6100;;0;8005856751092up;15171up;Schesir Cat Цыпленок + Окунем Пауч;Главная|Каталог|Товары и корма для кошек|Корм влажный для кошек|Schesir|Паучи;Таиланд;20х100г;;;https://zootovary.ru/catalog/tovary-i-korma-dlya-koshek/korm_vlazhnyy_dlya_koshek/schesir/pauchi/schesir_cat_tsyplenok_okunem_pauch.html;['/upload/resize_cache/iblock/1b1/450_450_1dfc9401eed6705ea741f22b962e86776/Schesir-Cat-TSyplenok-_-Okunem-Pauch-kupit-Zootovary.Ru.jpg', '/upload/resize_cache/iblock/1b1/450_450_1dfc9401eed6705ea741f22b962e86776/Schesir-Cat-TSyplenok-_-Okunem-Pauch-kupit-Zootovary.Ru.jpg', '/upload/resize_cache/iblock/2d3/450_450_1dfc9401eed6705ea741f22b962e86776/Schesir-Cat-TSyplenok-_-Okunem-Pauch-kupit-Zootovary.Ru.jpg', '/upload/resize_cache/iblock/415/500_500_1dfc9401eed6705ea741f22b962e86776/Schesir-Cat-TSyplenok-_-Okunem-Pauch-kupit-Zootovary.Ru.jpg']
22.25.54 2023-01-17;2140;;0;4607125694600up;z55241up;Оскар Консервы для Собак с Телятиной;Главная|Каталог|Товары и корма для собак|Корм влажный для собак|Оскар;Poccия;20х350гр;;;https://zootovary.ru/catalog/tovary-i-korma-dlya-sobak/korm_vlazhnyy_dlya_sobak/oskar/oskar_konservy_dlya_sobak_s_telyatinoy.html;['/upload/resize_cache/iblock/34d/500_500_1dfc9401eed6705ea741f22b962e86776/Oskar-konservy-dlya-sobak-s-Telyatinoy-kupit-Zootovary.Ru.jpg', '/upload/resize_cache/iblock/34d/500_500_1dfc9401eed6705ea741f22b962e86776/Oskar-konservy-dlya-sobak-s-Telyatinoy-kupit-Zootovary.Ru.jpg', '/upload/resize_cache/iblock/e03/500_500_1dfc9401eed6705ea741f22b962e86776/Oskar-konservy-dlya-sobak-s-Telyatinoy-kupit-Zootovary.Ru.jpg']
22.25.54 2023-01-17;103;98;0;4607125694600;z55241;Оскар Консервы для Собак с Телятиной;Главная|Каталог|Товары и корма для собак|Корм влажный для собак|Оскар;Poccия;350гр;;;https://zootovary.ru/catalog/tovary-i-korma-dlya-sobak/korm_vlazhnyy_dlya_sobak/oskar/oskar_konservy_dlya_sobak_s_telyatinoy.html;['/upload/resize_cache/iblock/34d/500_500_1dfc9401eed6705ea741f22b962e86776/Oskar-konservy-dlya-sobak-s-Telyatinoy-kupit-Zootovary.Ru.jpg', '/upload/resize_cache/iblock/34d/500_500_1dfc9401eed6705ea741f22b962e86776/Oskar-konservy-dlya-sobak-s-Telyatinoy-kupit-Zootovary.Ru.jpg', '/upload/resize_cache/iblock/e03/500_500_1dfc9401eed6705ea741f22b962e86776/Oskar-konservy-dlya-sobak-s-Telyatinoy-kupit-Zootovary.Ru.jpg']
22.25.55 2023-01-17;729;693;1;4640011981934;z100226;ProBalance Immuno Protection Корм для кошек Курица/Индейка;Главная|Каталог|Товары и корма для кошек|Корм сухой для кошек|ProBalance;Poccия;1,8кг;;;https://zootovary.ru/catalog/tovary-i-korma-dlya-koshek/korm_sukhoy_dlya_koshek/probalance/probalance_immuno_protection_korm_dlya_koshek_kuritsa_indeyka.html;['/upload/resize_cache/iblock/9e3/500_500_1dfc9401eed6705ea741f22b962e86776/Indeyka-kupit-Zootovary.Ru.jpg', '/upload/resize_cache/iblock/9e3/500_500_1dfc9401eed6705ea741f22b962e86776/Indeyka-kupit-Zootovary.Ru.jpg', '/upload/resize_cache/iblock/59f/450_450_1dfc9401eed6705ea741f22b962e86776/Indeyka-kupit-Zootovary.Ru.jpg', '/upload/resize_cache/iblock/1d1/450_450_1dfc9401eed6705ea741f22b962e86776/Indeyka-kupit-Zootovary.Ru.jpg']
22.25.55 2023-01-17;175;166;1;4607004706523;z66938;ProBalance Immuno Protection Корм для кошек Курица/Индейка;Главная|Каталог|Товары и корма для кошек|Корм сухой для кошек|ProBalance;Poccия;400г;;;https://zootovary.ru/catalog/tovary-i-korma-dlya-koshek/korm_sukhoy_dlya_koshek/probalance/probalance_immuno_protection_korm_dlya_koshek_kuritsa_indeyka.html;['/upload/resize_cache/iblock/9e3/500_500_1dfc9401eed6705ea741f22b962e86776/Indeyka-kupit-Zootovary.Ru.jpg', '/upload/resize_cache/iblock/9e3/500_500_1dfc9401eed6705ea741f22b962e86776/Indeyka-kupit-Zootovary.Ru.jpg', '/upload/resize_cache/iblock/59f/450_450_1dfc9401eed6705ea741f22b962e86776/Indeyka-kupit-Zootovary.Ru.jpg', '/upload/resize_cache/iblock/1d1/450_450_1dfc9401eed6705ea741f22b962e86776/Indeyka-kupit-Zootovary.Ru.jpg']
22.25.55 2023-01-17;3823;3632;0;4640011980302;z66941;ProBalance Immuno Protection Корм для кошек Курица/Индейка;Главная|Каталог|Товары и корма для кошек|Корм сухой для кошек|ProBalance;Poccия;10кг;;;https://zootovary.ru/catalog/tovary-i-korma-dlya-koshek/korm_sukhoy_dlya_koshek/probalance/probalance_immuno_protection_korm_dlya_koshek_kuritsa_indeyka.html;['/upload/resize_cache/iblock/9e3/500_500_1dfc9401eed6705ea741f22b962e86776/Indeyka-kupit-Zootovary.Ru.jpg', '/upload/resize_cache/iblock/9e3/500_500_1dfc9401eed6705ea741f22b962e86776/Indeyka-kupit-Zootovary.Ru.jpg', '/upload/resize_cache/iblock/59f/450_450_1dfc9401eed6705ea741f22b962e86776/Indeyka-kupit-Zootovary.Ru.jpg', '/upload/resize_cache/iblock/1d1/450_450_1dfc9401eed6705ea741f22b962e86776/Indeyka-kupit-Zootovary.Ru.jpg']
22.25.55 2023-01-17;457;434;1;8336554605661;z74212;BLITZ Holistic сухой корм для собак мелких пород беззерновой Ягненок и Лосось;Главная|Каталог|Товары и корма для собак|Корм сухой для собак|Blitz;Италия;500г;;;https://zootovary.ru/catalog/tovary-i-korma-dlya-sobak/korm_sukhoy_dlya_sobak/blitz/blitz_holistic_sukhoy_korm_dlya_sobak_melkikh_porod_bezzernovoy_yagnenok_i_losos.html;['/upload/resize_cache/iblock/74b/500_500_1dfc9401eed6705ea741f22b962e86776/BLITZ-Holistic-sukhoy-korm-dlya-sobak-melkikh-porod-bezzernovoy-YAgnenok-i-Losos-kupit-Zootovary.Ru.jpg', '/upload/resize_cache/iblock/74b/500_500_1dfc9401eed6705ea741f22b962e86776/BLITZ-Holistic-sukhoy-korm-dlya-sobak-melkikh-porod-bezzernovoy-YAgnenok-i-Losos-kupit-Zootovary.Ru.jpg', '/upload/resize_cache/iblock/40d/500_500_1dfc9401eed6705ea741f22b962e86776/BLITZ-Holistic-sukhoy-korm-dlya-sobak-melkikh-porod-bezzernovoy-YAgnenok-i-Losos-kupit-Zootovary.Ru.jpg', '/upload/resize_cache/iblock/a38/500_500_1dfc9401eed6705ea741f22b962e86776/BLITZ-Holistic-sukhoy-korm-dlya-sobak-melkikh-porod-bezzernovoy-YAgnenok-i-Losos-kupit-Zootovary.Ru.jpg']
22.25.55 2023-01-17;1258;;1;8336554605562;z74213;BLITZ Holistic сухой корм для собак мелких пород беззерновой Ягненок и Лосось;Главная|Каталог|Товары и корма для собак|Корм сухой для собак|Blitz;Италия;1,5кг;;;https://zootovary.ru/catalog/tovary-i-korma-dlya-sobak/korm_sukhoy_dlya_sobak/blitz/blitz_holistic_sukhoy_korm_dlya_sobak_melkikh_porod_bezzernovoy_yagnenok_i_losos.html;['/upload/resize_cache/iblock/74b/500_500_1dfc9401eed6705ea741f22b962e86776/BLITZ-Holistic-sukhoy-korm-dlya-sobak-melkikh-porod-bezzernovoy-YAgnenok-i-Losos-kupit-Zootovary.Ru.jpg', '/upload/resize_cache/iblock/74b/500_500_1dfc9401eed6705ea741f22b962e86776/BLITZ-Holistic-sukhoy-korm-dlya-sobak-melkikh-porod-bezzernovoy-YAgnenok-i-Losos-kupit-Zootovary.Ru.jpg', '/upload/resize_cache/iblock/40d/500_500_1dfc9401eed6705ea741f22b962e86776/BLITZ-Holistic-sukhoy-korm-dlya-sobak-melkikh-porod-bezzernovoy-YAgnenok-i-Losos-kupit-Zootovary.Ru.jpg', '/upload/resize_cache/iblock/a38/500_500_1dfc9401eed6705ea741f22b962e86776/BLITZ-Holistic-sukhoy-korm-dlya-sobak-melkikh-porod-bezzernovoy-YAgnenok-i-Losos-kupit-Zootovary.Ru.jpg']
22.25.55 2023-01-17;7480;;1;8336554605357;z73594;BLITZ Holistic сухой корм для собак мелких пород беззерновой Ягненок и Лосось;Главная|Каталог|Товары и корма для собак|Корм сухой для собак|Blitz;Италия;12кг;;;https://zootovary.ru/catalog/tovary-i-korma-dlya-sobak/korm_sukhoy_dlya_sobak/blitz/blitz_holistic_sukhoy_korm_dlya_sobak_melkikh_porod_bezzernovoy_yagnenok_i_losos.html;['/upload/resize_cache/iblock/74b/500_500_1dfc9401eed6705ea741f22b962e86776/BLITZ-Holistic-sukhoy-korm-dlya-sobak-melkikh-porod-bezzernovoy-YAgnenok-i-Losos-kupit-Zootovary.Ru.jpg', '/upload/resize_cache/iblock/74b/500_500_1dfc9401eed6705ea741f22b962e86776/BLITZ-Holistic-sukhoy-korm-dlya-sobak-melkikh-porod-bezzernovoy-YAgnenok-i-Losos-kupit-Zootovary.Ru.jpg', '/upload/resize_cache/iblock/40d/500_500_1dfc9401eed6705ea741f22b962e86776/BLITZ-Holistic-sukhoy-korm-dlya-sobak-melkikh-porod-bezzernovoy-YAgnenok-i-Losos-kupit-Zootovary.Ru.jpg', '/upload/resize_cache/iblock/a38/500_500_1dfc9401eed6705ea741f22b962e86776/BLITZ-Holistic-sukhoy-korm-dlya-sobak-melkikh-porod-bezzernovoy-YAgnenok-i-Losos-kupit-Zootovary.Ru.jpg']
22.25.55 2023-01-17;4872;;1;8007520012621up;z102502up;Morando Professional Консервированный корм для кошек паштет с белой рыбой и креветками;Главная|Каталог|Товары и корма для кошек|Корм влажный для кошек|Morando;Италия;24х400г;;;https://zootovary.ru/catalog/tovary-i-korma-dlya-koshek/korm_vlazhnyy_dlya_koshek/morando/morando_professional_konservirovannyy_korm_dlya_koshek_pashtet_s_beloy_ryboy_i_krevetkami.html;['/upload/resize_cache/iblock/419/500_500_1dfc9401eed6705ea741f22b962e86776/Morando-Professional-Konservirovannyy-korm-dlya-koshek-pashtet-s-beloy-ryboy-i-krevetkami-kupit-Zootovary.Ru.jpg', '/upload/resize_cache/iblock/419/500_500_1dfc9401eed6705ea741f22b962e86776/Morando-Professional-Konservirovannyy-korm-dlya-koshek-pashtet-s-beloy-ryboy-i-krevetkami-kupit-Zootovary.Ru.jpg', '/upload/resize_cache/iblock/56c/500_500_1dfc9401eed6705ea741f22b962e86776/Morando-Professional-Konservirovannyy-korm-dlya-koshek-pashtet-s-beloy-ryboy-i-krevetkami-kupit-Zootovary.Ru.jpg']
22.25.55 2023-01-17;195;185;1;8007520012621;z102502;Morando Professional Консервированный корм для кошек паштет с белой рыбой и креветками;Главная|Каталог|Товары и корма для кошек|Корм влажный для кошек|Morando;Италия;400г;;;https://zootovary.ru/catalog/tovary-i-korma-dlya-koshek/korm_vlazhnyy_dlya_koshek/morando/morando_professional_konservirovannyy_korm_dlya_koshek_pashtet_s_beloy_ryboy_i_krevetkami.html;['/upload/resize_cache/iblock/419/500_500_1dfc9401eed6705ea741f22b962e86776/Morando-Professional-Konservirovannyy-korm-dlya-koshek-pashtet-s-beloy-ryboy-i-krevetkami-kupit-Zootovary.Ru.jpg', '/upload/resize_cache/iblock/419/500_500_1dfc9401eed6705ea741f22b962e86776/Morando-Professional-Konservirovannyy-korm-dlya-koshek-pashtet-s-beloy-ryboy-i-krevetkami-kupit-Zootovary.Ru.jpg', '/upload/resize_cache/iblock/56c/500_500_1dfc9401eed6705ea741f22b962e86776/Morando-Professional-Konservirovannyy-korm-dlya-koshek-pashtet-s-beloy-ryboy-i-krevetkami-kupit-Zootovary.Ru.jpg']
22.25.57 2023-01-17;89;85;1;4607171540920;z11920;Четвероногий Гурман для Кошек Мясное Ассорти с Говядиной;Главная|Каталог|Товары и корма для кошек|Корм влажный для кошек|Четвероногий гурман|Мясное ассорти;Poccия;100г;;;https://zootovary.ru/catalog/tovary-i-korma-dlya-koshek/korm_vlazhnyy_dlya_koshek/chetveronogiy-gurman/myasnoe-assorti/chetveronogiy_gurman_dlya_koshek_myasnoe_assorti_s_govyadinoy.html;['/upload/resize_cache/iblock/4ab/450_450_1dfc9401eed6705ea741f22b962e86776/CHetveronogiy-Gurman-dlya-Koshek-Myasnoe-Assorti-s-Govyadinoy-kupit-Zootovary.Ru.jpg', '/upload/resize_cache/iblock/4ab/450_450_1dfc9401eed6705ea741f22b962e86776/CHetveronogiy-Gurman-dlya-Koshek-Myasnoe-Assorti-s-Govyadinoy-kupit-Zootovary.Ru.jpg', '/upload/resize_cache/iblock/f8a/500_500_1dfc9401eed6705ea741f22b962e86776/CHetveronogiy-Gurman-dlya-Koshek-Myasnoe-Assorti-s-Govyadinoy-kupit-Zootovary.Ru.jpg', '/upload/resize_cache/iblock/36f/500_500_1dfc9401eed6705ea741f22b962e86776/CHetveronogiy-Gurman-dlya-Koshek-Myasnoe-Assorti-s-Govyadinoy-kupit-Zootovary.Ru.jpg', '/upload/resize_cache/iblock/43d/450_450_1dfc9401eed6705ea741f22b962e86776/CHetveronogiy-Gurman-dlya-Koshek-Myasnoe-Assorti-s-Govyadinoy-kupit-Zootovary.Ru.jpg']
22.25.57 2023-01-17;2208;;1;4607171540920up;z11920up;Четвероногий Гурман для Кошек Мясное Ассорти с Говядиной;Главная|Каталог|Товары и корма для кошек|Корм влажный для кошек|Четвероногий гурман|Мясное ассорти;Poccия;24х100г;;;https://zootovary.ru/catalog/tovary-i-korma-dlya-koshek/korm_vlazhnyy_dlya_koshek/chetveronogiy-gurman/myasnoe-assorti/chetveronogiy_gurman_dlya_koshek_myasnoe_assorti_s_govyadinoy.html;['/upload/resize_cache/iblock/4ab/450_450_1dfc9401eed6705ea741f22b962e86776/CHetveronogiy-Gurman-dlya-Koshek-Myasnoe-Assorti-s-Govyadinoy-kupit-Zootovary.Ru.jpg', '/upload/resize_cache/iblock/4ab/450_450_1dfc9401eed6705ea741f22b962e86776/CHetveronogiy-Gurman-dlya-Koshek-Myasnoe-Assorti-s-Govyadinoy-kupit-Zootovary.Ru.jpg', '/upload/resize_cache/iblock/f8a/500_500_1dfc9401eed6705ea741f22b962e86776/CHetveronogiy-Gurman-dlya-Koshek-Myasnoe-Assorti-s-Govyadinoy-kupit-Zootovary.Ru.jpg', '/upload/resize_cache/iblock/36f/500_500_1dfc9401eed6705ea741f22b962e86776/CHetveronogiy-Gurman-dlya-Koshek-Myasnoe-Assorti-s-Govyadinoy-kupit-Zootovary.Ru.jpg', '/upload/resize_cache/iblock/43d/450_450_1dfc9401eed6705ea741f22b962e86776/CHetveronogiy-Gurman-dlya-Koshek-Myasnoe-Assorti-s-Govyadinoy-kupit-Zootovary.Ru.jpg']
22.25.57 2023-01-17;2388;;1;4607171540159up;13344up;Четвероногий Гурман для Кошек Мясное Ассорти с Говядиной;Главная|Каталог|Товары и корма для кошек|Корм влажный для кошек|Четвероногий гурман|Мясное ассорти;Poccия;12х340г;;;https://zootovary.ru/catalog/tovary-i-korma-dlya-koshek/korm_vlazhnyy_dlya_koshek/chetveronogiy-gurman/myasnoe-assorti/chetveronogiy_gurman_dlya_koshek_myasnoe_assorti_s_govyadinoy.html;['/upload/resize_cache/iblock/4ab/450_450_1dfc9401eed6705ea741f22b962e86776/CHetveronogiy-Gurman-dlya-Koshek-Myasnoe-Assorti-s-Govyadinoy-kupit-Zootovary.Ru.jpg', '/upload/resize_cache/iblock/4ab/450_450_1dfc9401eed6705ea741f22b962e86776/CHetveronogiy-Gurman-dlya-Koshek-Myasnoe-Assorti-s-Govyadinoy-kupit-Zootovary.Ru.jpg', '/upload/resize_cache/iblock/f8a/500_500_1dfc9401eed6705ea741f22b962e86776/CHetveronogiy-Gurman-dlya-Koshek-Myasnoe-Assorti-s-Govyadinoy-kupit-Zootovary.Ru.jpg', '/upload/resize_cache/iblock/36f/500_500_1dfc9401eed6705ea741f22b962e86776/CHetveronogiy-Gurman-dlya-Koshek-Myasnoe-Assorti-s-Govyadinoy-kupit-Zootovary.Ru.jpg', '/upload/resize_cache/iblock/43d/450_450_1dfc9401eed6705ea741f22b962e86776/CHetveronogiy-Gurman-dlya-Koshek-Myasnoe-Assorti-s-Govyadinoy-kupit-Zootovary.Ru.jpg']
22.25.57 2023-01-17;192;182;1;4607171540159;13344;Четвероногий Гурман для Кошек Мясное Ассорти с Говядиной;Главная|Каталог|Товары и корма для кошек|Корм влажный для кошек|Четвероногий гурман|Мясное ассорти;Poccия;340г;;;https://zootovary.ru/catalog/tovary-i-korma-dlya-koshek/korm_vlazhnyy_dlya_koshek/chetveronogiy-gurman/myasnoe-assorti/chetveronogiy_gurman_dlya_koshek_myasnoe_assorti_s_govyadinoy.html;['/upload/resize_cache/iblock/4ab/450_450_1dfc9401eed6705ea741f22b962e86776/CHetveronogiy-Gurman-dlya-Koshek-Myasnoe-Assorti-s-Govyadinoy-kupit-Zootovary.Ru.jpg', '/upload/resize_cache/iblock/4ab/450_450_1dfc9401eed6705ea741f22b962e86776/CHetveronogiy-Gurman-dlya-Koshek-Myasnoe-Assorti-s-Govyadinoy-kupit-Zootovary.Ru.jpg', '/upload/resize_cache/iblock/f8a/500_500_1dfc9401eed6705ea741f22b962e86776/CHetveronogiy-Gurman-dlya-Koshek-Myasnoe-Assorti-s-Govyadinoy-kupit-Zootovary.Ru.jpg', '/upload/resize_cache/iblock/36f/500_500_1dfc9401eed6705ea741f22b962e86776/CHetveronogiy-Gurman-dlya-Koshek-Myasnoe-Assorti-s-Govyadinoy-kupit-Zootovary.Ru.jpg', '/upload/resize_cache/iblock/43d/450_450_1dfc9401eed6705ea741f22b962e86776/CHetveronogiy-Gurman-dlya-Koshek-Myasnoe-Assorti-s-Govyadinoy-kupit-Zootovary.Ru.jpg']
22.25.57 2023-01-17;1611;;1;4607125695867up;z79203up;Оскар консервы для собак с Говядиной и Индейкой;Главная|Каталог|Товары и корма для собак|Корм влажный для собак|Оскар;Россия;9х750гр;;;https://zootovary.ru/catalog/tovary-i-korma-dlya-sobak/korm_vlazhnyy_dlya_sobak/oskar/oskar_konservy_dlya_sobak_s_govyadinoy_i_indeykoy.html;['/upload/resize_cache/iblock/5dd/500_500_1dfc9401eed6705ea741f22b962e86776/Oskar-konservy-dlya-sobak-s-Govyadinoy-i-Indeykoy-kupit-Zootovary.Ru.jpg', '/upload/resize_cache/iblock/5dd/500_500_1dfc9401eed6705ea741f22b962e86776/Oskar-konservy-dlya-sobak-s-Govyadinoy-i-Indeykoy-kupit-Zootovary.Ru.jpg', '/upload/resize_cache/iblock/da1/500_500_1dfc9401eed6705ea741f22b962e86776/Oskar-konservy-dlya-sobak-s-Govyadinoy-i-Indeykoy-kupit-Zootovary.Ru.jpg']
22.25.57 2023-01-17;172;163;1;4607125695867;z79203;Оскар консервы для собак с Говядиной и Индейкой;Главная|Каталог|Товары и корма для собак|Корм влажный для собак|Оскар;Россия;750гр;;;https://zootovary.ru/catalog/tovary-i-korma-dlya-sobak/korm_vlazhnyy_dlya_sobak/oskar/oskar_konservy_dlya_sobak_s_govyadinoy_i_indeykoy.html;['/upload/resize_cache/iblock/5dd/500_500_1dfc9401eed6705ea741f22b962e86776/Oskar-konservy-dlya-sobak-s-Govyadinoy-i-Indeykoy-kupit-Zootovary.Ru.jpg', '/upload/resize_cache/iblock/5dd/500_500_1dfc9401eed6705ea741f22b962e86776/Oskar-konservy-dlya-sobak-s-Govyadinoy-i-Indeykoy-kupit-Zootovary.Ru.jpg', '/upload/resize_cache/iblock/da1/500_500_1dfc9401eed6705ea741f22b962e86776/Oskar-konservy-dlya-sobak-s-Govyadinoy-i-Indeykoy-kupit-Zootovary.Ru.jpg']
22.25.57 2023-01-17;276;262;1;4640000318284;z52158;ТитБит Лакомство для собак Ухо кроличье диетическое 15гр;Главная|Каталог|Товары и корма для собак|Лакомства|TiTBiT|Кролик;Россия;;;шт;https://zootovary.ru/catalog/tovary-i-korma-dlya-sobak/lakomstva/titbit/krolik/titbit_lakomstvo_dlya_sobak_ukho_kroliche_dieticheskoe_15gr.html;['/upload/resize_cache/iblock/292/500_500_1dfc9401eed6705ea741f22b962e86776/TitBit-Lakomstvo-dlya-sobak-Ukho-kroliche-dieticheskoe-15gr-kupit-Zootovary.Ru.jpg', '/upload/resize_cache/iblock/292/500_500_1dfc9401eed6705ea741f22b962e86776/TitBit-Lakomstvo-dlya-sobak-Ukho-kroliche-dieticheskoe-15gr-kupit-Zootovary.Ru.jpg']
22.25.58 2023-01-17;1148;;1;8711231125272;05377;Beaphar Cat Fernhalte Спрей Отпугивающий для Кошек, Антигадин 100 Мл 12527;Главная|Каталог|Товары и корма для кошек|Средства по уходу|Корректоры поведения;Нидерланды;;100мл.;;https://zootovary.ru/catalog/tovary-i-korma-dlya-koshek/sredstva-po-ukhodu/korrektory-povedeniya/beaphar_cat_fernhalte_sprey_otpugivayushchiy_dlya_koshek_antigadin_100_ml_12527.html;['/upload/resize_cache/iblock/f56/450_450_1dfc9401eed6705ea741f22b962e86776/Beaphar-Cat-Fernhalte-Sprey-Otpugivayushchiy-dlya-Koshek_-Antigadin-100-Ml-12527-kupit-Zootovary.Ru.jpg', '/upload/resize_cache/iblock/f56/450_450_1dfc9401eed6705ea741f22b962e86776/Beaphar-Cat-Fernhalte-Sprey-Otpugivayushchiy-dlya-Koshek_-Antigadin-100-Ml-12527-kupit-Zootovary.Ru.jpg']
22.25.58 2023-01-17;773;734;0;4640011981941;z100224;ProBalance Sensitive Корм для кошек с Чувствительным пищеварением Курица/рис;Главная|Каталог|Товары и корма для кошек|Корм сухой для кошек|ProBalance;Poccия;1,8кг;;;https://zootovary.ru/catalog/tovary-i-korma-dlya-koshek/korm_sukhoy_dlya_koshek/probalance/probalance_sensitive_korm_dlya_koshek_s_chuvstvitelnym_pishchevareniem_kuritsa_ris.html;['/upload/resize_cache/iblock/45a/500_500_1dfc9401eed6705ea741f22b962e86776/ris-kupit-Zootovary.Ru.jpg', '/upload/resize_cache/iblock/45a/500_500_1dfc9401eed6705ea741f22b962e86776/ris-kupit-Zootovary.Ru.jpg', '/upload/resize_cache/iblock/9c5/450_450_1dfc9401eed6705ea741f22b962e86776/ris-kupit-Zootovary.Ru.jpg', '/upload/resize_cache/iblock/3e2/450_450_1dfc9401eed6705ea741f22b962e86776/ris-kupit-Zootovary.Ru.jpg']
22.25.58 2023-01-17;4035;3833;1;4640011981408;z66944;ProBalance Sensitive Корм для кошек с Чувствительным пищеварением Курица/рис;Главная|Каталог|Товары и корма для кошек|Корм сухой для кошек|ProBalance;Poccия;10кг;;;https://zootovary.ru/catalog/tovary-i-korma-dlya-koshek/korm_sukhoy_dlya_koshek/probalance/probalance_sensitive_korm_dlya_koshek_s_chuvstvitelnym_pishchevareniem_kuritsa_ris.html;['/upload/resize_cache/iblock/45a/500_500_1dfc9401eed6705ea741f22b962e86776/ris-kupit-Zootovary.Ru.jpg', '/upload/resize_cache/iblock/45a/500_500_1dfc9401eed6705ea741f22b962e86776/ris-kupit-Zootovary.Ru.jpg', '/upload/resize_cache/iblock/9c5/450_450_1dfc9401eed6705ea741f22b962e86776/ris-kupit-Zootovary.Ru.jpg', '/upload/resize_cache/iblock/3e2/450_450_1dfc9401eed6705ea741f22b962e86776/ris-kupit-Zootovary.Ru.jpg']
22.25.58 2023-01-17;186;177;1;4640011981286;z41824;ProBalance Sensitive Корм для кошек с Чувствительным пищеварением Курица/рис;Главная|Каталог|Товары и корма для кошек|Корм сухой для кошек|ProBalance;Poccия;400г;;;https://zootovary.ru/catalog/tovary-i-korma-dlya-koshek/korm_sukhoy_dlya_koshek/probalance/probalance_sensitive_korm_dlya_koshek_s_chuvstvitelnym_pishchevareniem_kuritsa_ris.html;['/upload/resize_cache/iblock/45a/500_500_1dfc9401eed6705ea741f22b962e86776/ris-kupit-Zootovary.Ru.jpg', '/upload/resize_cache/iblock/45a/500_500_1dfc9401eed6705ea741f22b962e86776/ris-kupit-Zootovary.Ru.jpg', '/upload/resize_cache/iblock/9c5/450_450_1dfc9401eed6705ea741f22b962e86776/ris-kupit-Zootovary.Ru.jpg', '/upload/resize_cache/iblock/3e2/450_450_1dfc9401eed6705ea741f22b962e86776/ris-kupit-Zootovary.Ru.jpg']
22.25.58 2023-01-17;625;;1;4004218189911;27938;TETRA Wafer Mini Mix - корм для всех донных рыб в виде меленьких чипсов;Главная|Каталог|Товары и корма для рыб|Корм Tetra|WaferMix;Германия;;100мл.;;https://zootovary.ru/catalog/tovary-i-korma-dlya-ryb/korm-tetra/wafermix/tetra_wafer_mini_mix_korm_dlya_vsekh_donnykh_ryb_v_vide_melenkikh_chipsov.html;['/upload/resize_cache/iblock/55f/450_450_1dfc9401eed6705ea741f22b962e86776/TETRA-Wafer-Mini-Mix-_-korm-dlya-vsekh-donnykh-ryb-v-vide-melenkikh-chipsov-kupit-Zootovary.Ru.jpg', '/upload/resize_cache/iblock/55f/450_450_1dfc9401eed6705ea741f22b962e86776/TETRA-Wafer-Mini-Mix-_-korm-dlya-vsekh-donnykh-ryb-v-vide-melenkikh-chipsov-kupit-Zootovary.Ru.jpg']
22.25.58 2023-01-17;2916;;1;4650094045461up;z104973up;SOLID NATURA VET Gastrointestinal диета для кошек влажный;Главная|Каталог|Товары и корма для кошек|Корм лечебный для кошек|Solid Natura;Россия;12х340гр;;;https://zootovary.ru/catalog/tovary-i-korma-dlya-koshek/korm_lechebnyy_dlya_koshek/solid-natura_1/solid_natura_vet_gastrointestinal_dieta_dlya_koshek_vlazhnyy.html;['/upload/resize_cache/iblock/5df/500_500_1dfc9401eed6705ea741f22b962e86776/SOLID-NATURA-VET-Gastrointestinal-dieta-dlya-koshek-vlazhnyy-kupit-Zootovary.Ru.jpg', '/upload/resize_cache/iblock/5df/500_500_1dfc9401eed6705ea741f22b962e86776/SOLID-NATURA-VET-Gastrointestinal-dieta-dlya-koshek-vlazhnyy-kupit-Zootovary.Ru.jpg', '/upload/resize_cache/iblock/133/500_500_1dfc9401eed6705ea741f22b962e86776/SOLID-NATURA-VET-Gastrointestinal-dieta-dlya-koshek-vlazhnyy-kupit-Zootovary.Ru.jpg']
22.25.58 2023-01-17;234;222;1;4650094045461;z104973;SOLID NATURA VET Gastrointestinal диета для кошек влажный;Главная|Каталог|Товары и корма для кошек|Корм лечебный для кошек|Solid Natura;Россия;340гр;;;https://zootovary.ru/catalog/tovary-i-korma-dlya-koshek/korm_lechebnyy_dlya_koshek/solid-natura_1/solid_natura_vet_gastrointestinal_dieta_dlya_koshek_vlazhnyy.html;['/upload/resize_cache/iblock/5df/500_500_1dfc9401eed6705ea741f22b962e86776/SOLID-NATURA-VET-Gastrointestinal-dieta-dlya-koshek-vlazhnyy-kupit-Zootovary.Ru.jpg', '/upload/resize_cache/iblock/5df/500_500_1dfc9401eed6705ea741f22b962e86776/SOLID-NATURA-VET-Gastrointestinal-dieta-dlya-koshek-vlazhnyy-kupit-Zootovary.Ru.jpg', '/upload/resize_cache/iblock/133/500_500_1dfc9401eed6705ea741f22b962e86776/SOLID-NATURA-VET-Gastrointestinal-dieta-dlya-koshek-vlazhnyy-kupit-Zootovary.Ru.jpg']
22.25.58 2023-01-17;305;290;0;8005852015815;56048;Schesir Консервы для Кошек Тунец с Дорадо Пауч;Главная|Каталог|Товары и корма для кошек|Корм влажный для кошек|Schesir|Паучи;Таиланд;100г;;;https://zootovary.ru/catalog/tovary-i-korma-dlya-koshek/korm_vlazhnyy_dlya_koshek/schesir/pauchi/schesir_konservy_dlya_koshek_tunets_s_dorado_pauch.html;['/upload/resize_cache/iblock/63a/450_450_1dfc9401eed6705ea741f22b962e86776/Schesir-Konservy-dlya-Koshek-Tunets-s-Dorado-Pauch-kupit-Zootovary.Ru.jpg', '/upload/resize_cache/iblock/63a/450_450_1dfc9401eed6705ea741f22b962e86776/Schesir-Konservy-dlya-Koshek-Tunets-s-Dorado-Pauch-kupit-Zootovary.Ru.jpg']
22.25.58 2023-01-17;611;580;1;4011905329413;z23966;TRIXIE Игрушка для собак Мяч `Dentafun` резина, 6 см, белый-зеленый 32941;Главная|Каталог|Товары и корма для собак|Игрушки|Мячи для собак;Китай;80г;;;https://zootovary.ru/catalog/tovary-i-korma-dlya-sobak/igrushki/myachi-dlya-sobak/trixie_igrushka_dlya_sobak_myach_dentafun_rezina_6_sm_belyy_zelenyy_32941.html;['/upload/resize_cache/iblock/537/450_450_1dfc9401eed6705ea741f22b962e86776/TRIXIE-Igrushka-dlya-sobak-Myach-_Dentafun_-rezina_-6-sm_-belyy_zelenyy-32941-kupit-Zootovary.Ru.jpg', '/upload/resize_cache/iblock/537/450_450_1dfc9401eed6705ea741f22b962e86776/TRIXIE-Igrushka-dlya-sobak-Myach-_Dentafun_-rezina_-6-sm_-belyy_zelenyy-32941-kupit-Zootovary.Ru.jpg']
